{
  "mat3d_2_0.01": 4.223912880988792,
  "mat3d_2_0.1": 4.226129868009593,
  "mat3d_2_0.3": 4.222344289999455,
  "mat3d_2_0.5": 4.229919404024258,
  "mat3d_2_1": 4.227279977989383,
  "mat3d_4_0.01": 4.223099635011749,
  "mat3d_4_0.1": 4.224652229982894,
  "mat3d_4_0.3": 4.235244826995768,
  "mat3d_4_0.5": 4.223437713983003,
  "mat3d_4_1": 4.225697387009859,
  "mat3d_8_0.01": 4.23057533899555,
  "mat3d_8_0.1": 4.2223255510034505,
  "mat3d_8_0.3": 4.223958936985582,
  "mat3d_8_0.5": 4.22501023102086,
  "mat3d_8_1": 4.229977028007852,
  "linked_list_2_0.01": 4.336925013980363,
  "linked_list_2_0.1": 4.387197135016322,
  "linked_list_2_0.3": 4.492529117997037,
  "linked_list_2_0.5": 4.5674572180141695,
  "linked_list_2_1": 4.576061222993303,
  "linked_list_4_0.01": 4.349699476006208,
  "linked_list_4_0.1": 4.452293253998505,
  "linked_list_4_0.3": 4.754714508977486,
  "linked_list_4_0.5": 4.8534577210084535,
  "linked_list_4_1": 4.975424135976937,
  "linked_list_8_0.01": 4.364734755014069,
  "linked_list_8_0.1": 4.577225593995536,
  "linked_list_8_0.3": 4.962542182998732,
  "linked_list_8_0.5": 5.2417404299776535,
  "linked_list_8_1": 6.676733956992393,
  "dynamic_array_2_0.01": 25.042693125084043,
  "dynamic_array_2_0.1": 16.01394967804663,
  "dynamic_array_2_0.3": 15.367293911986053,
  "dynamic_array_2_0.5": 16.08731692202855,
  "dynamic_array_2_1": 16.28614362992812,
  "dynamic_array_4_0.01": 16.0225449539721,
  "dynamic_array_4_0.1": 16.094405899057165,
  "dynamic_array_4_0.3": 16.128251894027926,
  "dynamic_array_4_0.5": 16.219964714022353,
  "dynamic_array_4_1": 16.40565175609663,
  "dynamic_array_8_0.01": 16.027510216925293,
  "dynamic_array_8_0.1": 16.12452884798404,
  "dynamic_array_8_0.3": 16.293327916995622,
  "dynamic_array_8_0.5": 16.3372637568973,
  "dynamic_array_8_1": 16.54361274302937,
  "dynamic_array_exist_2_0.01": 16.072612277930602,
  "dynamic_array_exist_2_0.1": 16.09497766790446,
  "dynamic_array_exist_2_0.3": 16.14665434404742,
  "dynamic_array_exist_2_0.5": 16.108474689070135,
  "dynamic_array_exist_2_1": 16.61548695003148,
  "dynamic_array_exist_4_0.01": 16.079086650977843,
  "dynamic_array_exist_4_0.1": 16.117366809980012,
  "dynamic_array_exist_4_0.3": 16.152798719936982,
  "dynamic_array_exist_4_0.5": 16.260642812005244,
  "dynamic_array_exist_4_1": 17.084765659994446,
  "dynamic_array_exist_8_0.01": 16.059280968969688,
  "dynamic_array_exist_8_0.1": 16.24476280703675,
  "dynamic_array_exist_8_0.3": 16.30626568500884,
  "dynamic_array_exist_8_0.5": 20.572738723945804,
  "dynamic_array_exist_8_1": 21.055904546985403,
  "dynamic_array_mul_2_0.01": 16.003855368995573,
  "dynamic_array_mul_2_0.1": 16.052168008987792,
  "dynamic_array_mul_2_0.3": 16.075060659000883,
  "dynamic_array_mul_2_0.5": 16.09387363100541,
  "dynamic_array_mul_2_1": 16.226195233000908,
  "dynamic_array_mul_4_0.01": 16.003139028005535,
  "dynamic_array_mul_4_0.1": 16.077037969022058,
  "dynamic_array_mul_4_0.3": 16.261260045983363,
  "dynamic_array_mul_4_0.5": 16.182646589004435,
  "dynamic_array_mul_4_1": 15.757508278999012,
  "dynamic_array_mul_8_0.01": 16.006986089982092,
  "dynamic_array_mul_8_0.1": 16.12432618200546,
  "dynamic_array_mul_8_0.3": 16.80295424698852,
  "dynamic_array_mul_8_0.5": 16.400152980990242,
  "dynamic_array_mul_8_1": 16.78167645802023,
  "csr2_2_0.01": 7.031043202994624,
  "csr2_2_0.1": 6.654100899992045,
  "csr2_2_0.3": 7.261470296012703,
  "csr2_2_0.5": 6.639714143995661,
  "csr2_2_1": 6.617647612001747,
  "csr2_4_0.01": 6.6104268039925955,
  "csr2_4_0.1": 6.609972501988523,
  "csr2_4_0.3": 6.644282499997644,
  "csr2_4_0.5": 6.628552634007065,
  "csr2_4_1": 6.626777962985216,
  "csr2_8_0.01": 6.612693967006635,
  "csr2_8_0.1": 6.618682461004937,
  "csr2_8_0.3": 6.625925300992094,
  "csr2_8_0.5": 6.63695743898279,
  "csr2_8_1": 6.660374026978388,
  "csr3_2_0.01": 5.232038460002514,
  "csr3_2_0.1": 5.289034176996211,
  "csr3_2_0.3": 5.378525798005285,
  "csr3_2_0.5": 5.641286178986775,
  "csr3_2_1": 5.383793223998509,
  "csr3_4_0.01": 5.232218237011693,
  "csr3_4_0.1": 5.2936732660164125,
  "csr3_4_0.3": 5.428438593982719,
  "csr3_4_0.5": 5.5630175880214665,
  "csr3_4_1": 5.56904214801034,
  "csr3_8_0.01": 5.242556490993593,
  "csr3_8_0.1": 5.358322694984963,
  "csr3_8_0.3": 5.6232370660000015,
  "csr3_8_0.5": 5.8902134009986185,
  "csr3_8_1": 6.216311316005886
}