{
  "mat3d_2_0.01": 15.149776046018815,
  "mat3d_2_0.1": 15.134196629020153,
  "mat3d_2_0.3": 15.12709824598278,
  "mat3d_2_0.5": 15.132475321006496,
  "mat3d_2_1": 15.125963136000792,
  "mat3d_4_0.01": 15.131465996993938,
  "mat3d_4_0.1": 15.129666708002333,
  "mat3d_4_0.3": 15.130827579996549,
  "mat3d_4_0.5": 15.134346695995191,
  "mat3d_4_1": 15.129042641987326,
  "mat3d_8_0.01": 15.13181088998681,
  "mat3d_8_0.1": 15.12924328999361,
  "mat3d_8_0.3": 15.12978494600975,
  "mat3d_8_0.5": 15.12754685600521,
  "mat3d_8_1": 15.127686282008654,
  "linked_list_2_0.01": 8.70693012099946,
  "linked_list_2_0.1": 9.035646146017825,
  "linked_list_2_0.3": 9.291465410991805,
  "linked_list_2_0.5": 9.738109738013009,
  "linked_list_2_1": 9.840681800007587,
  "linked_list_4_0.01": 9.34597174602095,
  "linked_list_4_0.1": 9.05408391400124,
  "linked_list_4_0.3": 9.61208178900415,
  "linked_list_4_0.5": 10.389810861001024,
  "linked_list_4_1": 10.604772320977645,
  "linked_list_8_0.01": 8.725722410978051,
  "linked_list_8_0.1": 9.086153499985812,
  "linked_list_8_0.3": 10.394252835016232,
  "linked_list_8_0.5": 11.500359038007446,
  "linked_list_8_1": 12.936458558979211,
  "dynamic_array_2_0.01": 48.055037108948454,
  "dynamic_array_2_0.1": 44.2002310869284,
  "dynamic_array_2_0.3": 42.69312510697637,
  "dynamic_array_2_0.5": 40.284442240023054,
  "dynamic_array_2_1": 40.29853936599102,
  "dynamic_array_4_0.01": 40.00667205196805,
  "dynamic_array_4_0.1": 41.63278757606167,
  "dynamic_array_4_0.3": 39.936571834026836,
  "dynamic_array_4_0.5": 40.392904377076775,
  "dynamic_array_4_1": 40.43045151105616,
  "dynamic_array_8_0.01": 39.81443229294382,
  "dynamic_array_8_0.1": 40.38183486799244,
  "dynamic_array_8_0.3": 42.36561594996601,
  "dynamic_array_8_0.5": 40.69993100198917,
  "dynamic_array_8_1": 54.09532394306734,
  "dynamic_array_exist_2_0.01": 45.889548790990375,
  "dynamic_array_exist_2_0.1": 40.07096503698267,
  "dynamic_array_exist_2_0.3": 39.86306104098912,
  "dynamic_array_exist_2_0.5": 39.975140555994585,
  "dynamic_array_exist_2_1": 41.75105312198866,
  "dynamic_array_exist_4_0.01": 39.936216830974445,
  "dynamic_array_exist_4_0.1": 40.09383567201439,
  "dynamic_array_exist_4_0.3": 40.19381244701799,
  "dynamic_array_exist_4_0.5": 40.19424231501762,
  "dynamic_array_exist_4_1": 40.45411079796031,
  "dynamic_array_exist_8_0.01": 39.90004024410155,
  "dynamic_array_exist_8_0.1": 47.698470087954774,
  "dynamic_array_exist_8_0.3": 44.612180349067785,
  "dynamic_array_exist_8_0.5": 44.80330475408118,
  "dynamic_array_exist_8_1": 45.27757333300542,
  "dynamic_array_mul_2_0.01": 44.00536173200817,
  "dynamic_array_mul_2_0.1": 39.77023125201231,
  "dynamic_array_mul_2_0.3": 39.78233470299165,
  "dynamic_array_mul_2_0.5": 41.898575383005664,
  "dynamic_array_mul_2_1": 44.731628735986305,
  "dynamic_array_mul_4_0.01": 39.79383624801994,
  "dynamic_array_mul_4_0.1": 39.88910986998235,
  "dynamic_array_mul_4_0.3": 40.269895528035704,
  "dynamic_array_mul_4_0.5": 45.023151996021625,
  "dynamic_array_mul_4_1": 46.29146066500107,
  "dynamic_array_mul_8_0.01": 39.750446833029855,
  "dynamic_array_mul_8_0.1": 40.16281023900956,
  "dynamic_array_mul_8_0.3": 44.97409820498433,
  "dynamic_array_mul_8_0.5": 45.51265496300766,
  "dynamic_array_mul_8_1": 42.46174295799574,
  "csr2_2_0.01": 23.58979341998929,
  "csr2_2_0.1": 23.28710665201652,
  "csr2_2_0.3": 23.500791952974396,
  "csr2_2_0.5": 23.237123094993876,
  "csr2_2_1": 23.237442283018027,
  "csr2_4_0.01": 23.70058531902032,
  "csr2_4_0.1": 23.235451985994587,
  "csr2_4_0.3": 23.301359048025915,
  "csr2_4_0.5": 23.277251464984147,
  "csr2_4_1": 23.239815374981845,
  "csr2_8_0.01": 23.23072301200591,
  "csr2_8_0.1": 23.233185388002312,
  "csr2_8_0.3": 23.259397395013366,
  "csr2_8_0.5": 23.275396933982847,
  "csr2_8_1": 23.288416128023528,
  "csr3_2_0.01": 18.7783235879906,
  "csr3_2_0.1": 18.992398717004107,
  "csr3_2_0.3": 19.30911751399981,
  "csr3_2_0.5": 20.89496420501382,
  "csr3_2_1": 19.206662961980328,
  "csr3_4_0.01": 18.78069592898828,
  "csr3_4_0.1": 19.037454505974893,
  "csr3_4_0.3": 20.46103428400238,
  "csr3_4_0.5": 19.8278047759959,
  "csr3_4_1": 19.69284172100015,
  "csr3_8_0.01": 18.80339427900617,
  "csr3_8_0.1": 19.220688620989677,
  "csr3_8_0.3": 19.886611266003456,
  "csr3_8_0.5": 20.21969290499692,
  "csr3_8_1": 20.331980951013975
}