{
  "mat3d_2_0.01": 13.978904417017475,
  "mat3d_2_0.1": 13.096099433983909,
  "mat3d_2_0.3": 13.071345181000652,
  "mat3d_2_0.5": 13.190267044003122,
  "mat3d_2_1": 13.252373943018029,
  "mat3d_4_0.01": 13.065386785019655,
  "mat3d_4_0.1": 13.371648139989702,
  "mat3d_4_0.3": 13.23759440300637,
  "mat3d_4_0.5": 13.239993569004582,
  "mat3d_4_1": 13.271405556995887,
  "mat3d_8_0.01": 13.224945724010468,
  "mat3d_8_0.1": 13.233492828003364,
  "mat3d_8_0.3": 13.235614210017957,
  "mat3d_8_0.5": 13.229879373015137,
  "mat3d_8_1": 13.230600367998704,
  "linked_list_2_0.01": 6.964634238014696,
  "linked_list_2_0.1": 7.140044851985294,
  "linked_list_2_0.3": 7.681216608005343,
  "linked_list_2_0.5": 8.18623564200243,
  "linked_list_2_1": 8.888523033005185,
  "linked_list_4_0.01": 6.99264824599959,
  "linked_list_4_0.1": 7.482412225013832,
  "linked_list_4_0.3": 8.631451910012402,
  "linked_list_4_0.5": 9.968505830998765,
  "linked_list_4_1": 18.003128511016257,
  "linked_list_8_0.01": 7.1736261320183985,
  "linked_list_8_0.1": 8.084992793999845,
  "linked_list_8_0.3": 11.366163491999032,
  "linked_list_8_0.5": 15.825092188984854,
  "linked_list_8_1": 19.87229323000065,
  "dynamic_array_2_0.01": 56.96416209300514,
  "dynamic_array_2_0.1": 35.805394268012606,
  "dynamic_array_2_0.3": 36.00462790898746,
  "dynamic_array_2_0.5": 36.087347889028024,
  "dynamic_array_2_1": 36.41274866802269,
  "dynamic_array_4_0.01": 35.69372545400984,
  "dynamic_array_4_0.1": 35.88099512501503,
  "dynamic_array_4_0.3": 36.28560419200221,
  "dynamic_array_4_0.5": 36.11972815799527,
  "dynamic_array_4_1": 38.75390927598346,
  "dynamic_array_8_0.01": 35.52713505498832,
  "dynamic_array_8_0.1": 35.774702808994334,
  "dynamic_array_8_0.3": 37.59495376900304,
  "dynamic_array_8_0.5": 37.512115259014536,
  "dynamic_array_8_1": 36.735160283977166,
  "csr2_2_0.01": 7.932928108988563,
  "csr2_2_0.1": 8.729814097023336,
  "csr2_2_0.3": 9.387147461005952,
  "csr2_2_0.5": 7.876048389007337,
  "csr2_2_1": 7.390339375997428,
  "csr2_4_0.01": 7.454696645989316,
  "csr2_4_0.1": 7.4702593440015335,
  "csr2_4_0.3": 7.544558656984009,
  "csr2_4_0.5": 7.498962901998311,
  "csr2_4_1": 7.425181320984848,
  "csr2_8_0.01": 7.558000087999972,
  "csr2_8_0.1": 7.778972222993616,
  "csr2_8_0.3": 7.637753384013195,
  "csr2_8_0.5": 7.7198282449971884,
  "csr2_8_1": 7.712851321004564,
  "csr3_2_0.01": 6.611231311020674,
  "csr3_2_0.1": 6.790317353006685,
  "csr3_2_0.3": 6.893433694000123,
  "csr3_2_0.5": 7.310855949996039,
  "csr3_2_1": 6.754046846006531,
  "csr3_4_0.01": 6.66873143799603,
  "csr3_4_0.1": 6.8354366830026265,
  "csr3_4_0.3": 7.2328771030006465,
  "csr3_4_0.5": 7.6386599670222495,
  "csr3_4_1": 6.967965146992356,
  "csr3_8_0.01": 6.784197914006654,
  "csr3_8_0.1": 7.2934639700106345,
  "csr3_8_0.3": 8.013880825979868,
  "csr3_8_0.5": 8.821209274989087,
  "csr3_8_1": 7.553999156982172
}