{
  "mat4d_2_0.01": 0.18204953405074775,
  "mat4d_2_0.1": 0.17970577301457524,
  "mat4d_2_0.3": 0.17971486900933087,
  "mat4d_2_0.5": 0.17990403389558196,
  "mat4d_2_1": 0.1799609020818025,
  "mat4d_4_0.01": 0.34488604590296745,
  "mat4d_4_0.1": 0.3437537681311369,
  "mat4d_4_0.3": 0.34407335496507585,
  "mat4d_4_0.5": 0.3436295778956264,
  "mat4d_4_1": 0.40831088996492326,
  "mat4d_8_0.01": 0.6776441279798746,
  "mat4d_8_0.1": 0.6779635241255164,
  "mat4d_8_0.3": 0.6774089059326798,
  "mat4d_8_0.5": 0.6775205191224813,
  "mat4d_8_1": 0.6773391361348331,
  "linked_list_2_0.01": 0.2161513171158731,
  "linked_list_2_0.1": 0.26819926407188177,
  "linked_list_2_0.3": 0.3804353771265596,
  "linked_list_2_0.5": 0.4452448000665754,
  "linked_list_2_1": 0.4609754260163754,
  "linked_list_4_0.01": 0.43010735302232206,
  "linked_list_4_0.1": 0.5009368089959025,
  "linked_list_4_0.3": 0.6023912869859487,
  "linked_list_4_0.5": 0.6519922888837755,
  "linked_list_4_1": 0.7233240071218461,
  "linked_list_8_0.01": 0.8237216698471457,
  "linked_list_8_0.1": 0.9217505268752575,
  "linked_list_8_0.3": 1.0846791788935661,
  "linked_list_8_0.5": 1.2345988829620183,
  "linked_list_8_1": 1.1659880778752267,
  "csr_2_0.01": 0.20109946304000914,
  "csr_2_0.1": 0.23267280915752053,
  "csr_2_0.3": 0.3015976119786501,
  "csr_2_0.5": 0.36681256582960486,
  "csr_2_1": 0.2225223919376731,
  "csr_4_0.01": 0.3862257660366595,
  "csr_4_0.1": 0.4182212478481233,
  "csr_4_0.3": 0.4892989839427173,
  "csr_4_0.5": 0.5527743219863623,
  "csr_4_1": 0.4085615708027035,
  "csr_8_0.01": 0.7588614891283214,
  "csr_8_0.1": 1.0244845291599631,
  "csr_8_0.3": 0.8707555800210685,
  "csr_8_0.5": 0.927494372939691,
  "csr_8_1": 0.7801532801240683
}