{
  "mat3d_2_0.01": 1.4438611139776185,
  "mat3d_2_0.1": 1.5002103929873556,
  "mat3d_2_0.3": 1.9627108960412443,
  "mat3d_2_0.5": 1.526824911008589,
  "mat3d_2_1": 1.4294193020323291,
  "mat3d_4_0.01": 1.8552280329167843,
  "mat3d_4_0.1": 1.423916085041128,
  "mat3d_4_0.3": 1.4654304989380762,
  "mat3d_4_0.5": 1.493423520005308,
  "mat3d_4_1": 1.5353195129428059,
  "mat3d_8_0.01": 1.4740561980288476,
  "mat3d_8_0.1": 1.486265363986604,
  "mat3d_8_0.3": 1.7912474619224668,
  "mat3d_8_0.5": 1.4397029499523342,
  "mat3d_8_1": 1.4595855539664626,
  "linked_list_2_0.01": 2.406968413037248,
  "linked_list_2_0.1": 2.4707383420318365,
  "linked_list_2_0.3": 2.608691929024644,
  "linked_list_2_0.5": 2.7318071700865403,
  "linked_list_2_1": 2.651895489078015,
  "linked_list_4_0.01": 2.4218070410424843,
  "linked_list_4_0.1": 2.4799451399594545,
  "linked_list_4_0.3": 2.6743237879127264,
  "linked_list_4_0.5": 2.810925673926249,
  "linked_list_4_1": 3.160571402986534,
  "linked_list_8_0.01": 2.4235516450135037,
  "linked_list_8_0.1": 2.5241829260485247,
  "linked_list_8_0.3": 2.7441391330212355,
  "linked_list_8_0.5": 3.5236354490043595,
  "linked_list_8_1": 4.164615238085389,
  "dynamic_array_2_0.01": 8.561803768039681,
  "dynamic_array_2_0.1": 8.380221347906627,
  "dynamic_array_2_0.3": 8.1745089169126,
  "dynamic_array_2_0.5": 8.086973641999066,
  "dynamic_array_2_1": 7.64122209395282,
  "dynamic_array_4_0.01": 8.587868420989253,
  "dynamic_array_4_0.1": 8.294862259994261,
  "dynamic_array_4_0.3": 7.966840808046982,
  "dynamic_array_4_0.5": 7.732040741015226,
  "dynamic_array_4_1": 7.412695280974731,
  "dynamic_array_8_0.01": 8.54522096796427,
  "dynamic_array_8_0.1": 8.33371368306689,
  "dynamic_array_8_0.3": 8.002499498077668,
  "dynamic_array_8_0.5": 7.720172676956281,
  "dynamic_array_8_1": 7.2605449869297445,
  "dynamic_array_exist_2_0.01": 8.640614674892277,
  "dynamic_array_exist_2_0.1": 8.394155262038112,
  "dynamic_array_exist_2_0.3": 8.179816514952108,
  "dynamic_array_exist_2_0.5": 8.098709819023497,
  "dynamic_array_exist_2_1": 7.690039665903896,
  "dynamic_array_exist_4_0.01": 8.594110149075277,
  "dynamic_array_exist_4_0.1": 8.327230273978785,
  "dynamic_array_exist_4_0.3": 7.976295956992544,
  "dynamic_array_exist_4_0.5": 7.738287815940566,
  "dynamic_array_exist_4_1": 7.22776259703096,
  "dynamic_array_exist_8_0.01": 8.554601816926152,
  "dynamic_array_exist_8_0.1": 8.316022793995216,
  "dynamic_array_exist_8_0.3": 7.973799785017036,
  "dynamic_array_exist_8_0.5": 6.5580695940880105,
  "dynamic_array_exist_8_1": 7.273229168960825,
  "csr2_2_0.01": 6.60520577407442,
  "csr2_2_0.1": 6.945688748033717,
  "csr2_2_0.3": 6.604754045023583,
  "csr2_2_0.5": 6.60516169492621,
  "csr2_2_1": 6.608237548964098,
  "csr2_4_0.01": 6.605935315950774,
  "csr2_4_0.1": 6.602994419983588,
  "csr2_4_0.3": 7.024176681996323,
  "csr2_4_0.5": 6.64860320603475,
  "csr2_4_1": 6.621128735947423,
  "csr2_8_0.01": 6.6139892369974405,
  "csr2_8_0.1": 6.609410837991163,
  "csr2_8_0.3": 6.6169890279415995,
  "csr2_8_0.5": 6.627749818027951,
  "csr2_8_1": 6.652895785053261,
  "csr3_2_0.01": 2.180079187033698,
  "csr3_2_0.1": 2.2361006719293073,
  "csr3_2_0.3": 2.3654812820022926,
  "csr3_2_0.5": 2.4958937920164317,
  "csr3_2_1": 2.4451771629974246,
  "csr3_4_0.01": 2.1767617620062083,
  "csr3_4_0.1": 2.573393643950112,
  "csr3_4_0.3": 2.3153426299104467,
  "csr3_4_0.5": 2.4143460469786078,
  "csr3_4_1": 2.2818609119858593,
  "csr3_8_0.01": 2.1853428130270913,
  "csr3_8_0.1": 2.2301912989933044,
  "csr3_8_0.3": 2.3505601990036666,
  "csr3_8_0.5": 2.470651006908156,
  "csr3_8_1": 2.3845610730350018,
  "csr_block_4_2_0.01": 2.181968061020598,
  "csr_block_4_2_0.1": 2.2196298700291663,
  "csr_block_4_2_0.3": 2.625938415993005,
  "csr_block_4_2_0.5": 2.3961744740372524,
  "csr_block_4_2_1": 2.2632280809339136,
  "csr_block_4_4_0.01": 2.18171170190908,
  "csr_block_4_4_0.1": 2.2247255840338767,
  "csr_block_4_4_0.3": 2.3280737210297957,
  "csr_block_4_4_0.5": 2.42127666703891,
  "csr_block_4_4_1": 2.340688296011649,
  "csr_block_4_8_0.01": 2.183142096037045,
  "csr_block_4_8_0.1": 2.251600385992788,
  "csr_block_4_8_0.3": 2.3796305550495163,
  "csr_block_4_8_0.5": 2.5341673439834267,
  "csr_block_4_8_1": 2.673506971914321,
  "csr_block_8_2_0.01": 2.205260740010999,
  "csr_block_8_2_0.1": 2.2518452130025253,
  "csr_block_8_2_0.3": 2.3385851309867576,
  "csr_block_8_2_0.5": 2.42769801907707,
  "csr_block_8_2_1": 2.296414992073551,
  "csr_block_8_4_0.01": 2.55909121199511,
  "csr_block_8_4_0.1": 2.254928754060529,
  "csr_block_8_4_0.3": 2.359786937944591,
  "csr_block_8_4_0.5": 2.45990483101923,
  "csr_block_8_4_1": 2.3346239430829883,
  "csr_block_8_8_0.01": 2.208442652015947,
  "csr_block_8_8_0.1": 2.2738061230629683,
  "csr_block_8_8_0.3": 2.407733222004026,
  "csr_block_8_8_0.5": 2.5417809579521418,
  "csr_block_8_8_1": 2.561875354964286,
  "csr_block_16_2_0.01": 2.1872915639542043,
  "csr_block_16_2_0.1": 2.226261133910157,
  "csr_block_16_2_0.3": 2.314618977950886,
  "csr_block_16_2_0.5": 2.4057438949821517,
  "csr_block_16_2_1": 2.283841655938886,
  "csr_block_16_4_0.01": 2.1863153650192544,
  "csr_block_16_4_0.1": 2.2332894450519234,
  "csr_block_16_4_0.3": 2.3313534839544445,
  "csr_block_16_4_0.5": 2.41846905706916,
  "csr_block_16_4_1": 2.3249919050140306,
  "csr_block_16_8_0.01": 2.1897664200514555,
  "csr_block_16_8_0.1": 2.6422144590178505,
  "csr_block_16_8_0.3": 2.3682209888938814,
  "csr_block_16_8_0.5": 2.4909161530667916,
  "csr_block_16_8_1": 2.488313880050555,
  "csr_block_64_2_0.01": 2.1794756399467587,
  "csr_block_64_2_0.1": 2.2145232829498127,
  "csr_block_64_2_0.3": 2.3008274789899588,
  "csr_block_64_2_0.5": 2.402571200975217,
  "csr_block_64_2_1": 2.2643508539767936,
  "csr_block_64_4_0.01": 2.1768558740150183,
  "csr_block_64_4_0.1": 2.216818675980903,
  "csr_block_64_4_0.3": 2.3137510609813035,
  "csr_block_64_4_0.5": 2.4155038619646803,
  "csr_block_64_4_1": 2.3057649090187624,
  "csr_block_64_8_0.01": 2.1766952910693362,
  "csr_block_64_8_0.1": 2.228858446003869,
  "csr_block_64_8_0.3": 2.351585817988962,
  "csr_block_64_8_0.5": 2.4731682020938024,
  "csr_block_64_8_1": 2.419105443987064
}