{
  "mat3d_2_0.01": 1.9237911709933542,
  "mat3d_2_0.1": 1.9207262939889915,
  "mat3d_2_0.3": 1.9194091660319827,
  "mat3d_2_0.5": 1.9202568650362082,
  "mat3d_2_1": 1.9198716519749723,
  "mat3d_4_0.01": 1.9249801969854161,
  "mat3d_4_0.1": 1.920188165968284,
  "mat3d_4_0.3": 1.9195525730028749,
  "mat3d_4_0.5": 1.9200272670132108,
  "mat3d_4_1": 1.9206184400245547,
  "mat3d_8_0.01": 1.9197705709957518,
  "mat3d_8_0.1": 1.9207038840395398,
  "mat3d_8_0.3": 1.9197781829861924,
  "mat3d_8_0.5": 1.9194183850195259,
  "mat3d_8_1": 1.9194459540303797,
  "linked_list_2_0.01": 3.9847538730246015,
  "linked_list_2_0.1": 4.277928244962823,
  "linked_list_2_0.3": 4.943924944032915,
  "linked_list_2_0.5": 5.574250684003346,
  "linked_list_2_1": 6.669090216979384,
  "linked_list_4_0.01": 4.005201682972256,
  "linked_list_4_0.1": 4.50701789802406,
  "linked_list_4_0.3": 5.6261388619896024,
  "linked_list_4_0.5": 6.74410228303168,
  "linked_list_4_1": 9.083425618999172,
  "linked_list_8_0.01": 4.063764508988243,
  "linked_list_8_0.1": 5.047355325019453,
  "linked_list_8_0.3": 7.19083239196334,
  "linked_list_8_0.5": 9.340306366968434,
  "linked_list_8_1": 14.268807837972417,
  "csr_2_0.01": 2.1769323149928823,
  "csr_2_0.1": 2.214596979029011,
  "csr_2_0.3": 2.305298915016465,
  "csr_2_0.5": 2.393213013012428,
  "csr_2_1": 2.2472672080039047,
  "csr_4_0.01": 2.182926860987209,
  "csr_4_0.1": 2.2181416320381686,
  "csr_4_0.3": 2.3156966430251487,
  "csr_4_0.5": 2.802516103023663,
  "csr_4_1": 2.2744182239985093,
  "csr_8_0.01": 2.178928460984025,
  "csr_8_0.1": 2.230967309034895,
  "csr_8_0.3": 2.351343863992952,
  "csr_8_0.5": 2.4702024279977195,
  "csr_8_1": 2.3891678520012647
}