{
  "mat3d_2_0.01": 1.922855734010227,
  "mat3d_2_0.1": 1.918209230992943,
  "mat3d_2_0.3": 1.9184741829812992,
  "mat3d_2_0.5": 1.914233735005837,
  "mat3d_2_1": 1.9178961389989126,
  "mat3d_4_0.01": 1.9175421580148395,
  "mat3d_4_0.1": 1.9180824480135925,
  "mat3d_4_0.3": 1.9178481790004298,
  "mat3d_4_0.5": 1.91821006097598,
  "mat3d_4_1": 2.3887065250019077,
  "mat3d_8_0.01": 2.029986634996021,
  "mat3d_8_0.1": 1.917979321005987,
  "mat3d_8_0.3": 1.9225658220238984,
  "mat3d_8_0.5": 1.919369250012096,
  "mat3d_8_1": 1.9230439199891407,
  "linked_list_2_0.01": 3.985421919991495,
  "linked_list_2_0.1": 4.247088485979475,
  "linked_list_2_0.3": 5.2250390740227886,
  "linked_list_2_0.5": 5.5516467959969305,
  "linked_list_2_1": 6.6352636410156265,
  "linked_list_4_0.01": 3.9960637709882576,
  "linked_list_4_0.1": 4.507062621996738,
  "linked_list_4_0.3": 5.601373492012499,
  "linked_list_4_0.5": 6.710439568996662,
  "linked_list_4_1": 9.039798737008823,
  "linked_list_8_0.01": 4.059794291999424,
  "linked_list_8_0.1": 5.028824966022512,
  "linked_list_8_0.3": 7.165033981989836,
  "linked_list_8_0.5": 9.274058031995082,
  "linked_list_8_1": 14.110497635992942,
  "csr_2_0.01": 2.175070439989213,
  "csr_2_0.1": 2.212179745984031,
  "csr_2_0.3": 2.300653791986406,
  "csr_2_0.5": 2.3877525629941374,
  "csr_2_1": 2.2383990660018753,
  "csr_4_0.01": 2.1753298249968793,
  "csr_4_0.1": 2.216274803999113,
  "csr_4_0.3": 2.313880950008752,
  "csr_4_0.5": 2.409048564004479,
  "csr_4_1": 2.2729871750052553,
  "csr_8_0.01": 2.1757393649895675,
  "csr_8_0.1": 2.232811963011045,
  "csr_8_0.3": 2.3499071990081575,
  "csr_8_0.5": 2.467621474992484,
  "csr_8_1": 2.388238238025224,
  "csr_block_8_2_0.01": 2.3475525490066502,
  "csr_block_8_2_0.1": 2.353863654017914,
  "csr_block_8_2_0.3": 2.3639907320030034,
  "csr_block_8_2_0.5": 2.3697012409975287,
  "csr_block_8_2_1": 2.3773652389936615,
  "csr_block_8_4_0.01": 2.3470956729725003,
  "csr_block_8_4_0.1": 2.354948113003047,
  "csr_block_8_4_0.3": 2.3637006480130367,
  "csr_block_8_4_0.5": 2.3696551240282133,
  "csr_block_8_4_1": 2.3779746829823125,
  "csr_block_8_8_0.01": 2.3479042350081727,
  "csr_block_8_8_0.1": 2.352571433002595,
  "csr_block_8_8_0.3": 2.36563780499273,
  "csr_block_8_8_0.5": 2.3714844430214725,
  "csr_block_8_8_1": 2.386348354979418,
  "csr_block_16_2_0.01": 2.340744029992493,
  "csr_block_16_2_0.1": 2.3404049170203507,
  "csr_block_16_2_0.3": 2.3407887080102228,
  "csr_block_16_2_0.5": 2.347753794019809,
  "csr_block_16_2_1": 2.3434850150079,
  "csr_block_16_4_0.01": 2.345500647003064,
  "csr_block_16_4_0.1": 2.340236099989852,
  "csr_block_16_4_0.3": 2.341445053985808,
  "csr_block_16_4_0.5": 2.3424202350142878,
  "csr_block_16_4_1": 2.3431699039938394,
  "csr_block_16_8_0.01": 2.3406050039920956,
  "csr_block_16_8_0.1": 2.340978078020271,
  "csr_block_16_8_0.3": 2.340744546992937,
  "csr_block_16_8_0.5": 2.4393635769956745,
  "csr_block_16_8_1": 2.3420719320129137,
  "csr_block_32_2_0.01": 2.3338630279758945,
  "csr_block_32_2_0.1": 2.334325199975865,
  "csr_block_32_2_0.3": 2.3416971740080044,
  "csr_block_32_2_0.5": 2.341837623011088,
  "csr_block_32_2_1": 2.3347748370142654,
  "csr_block_32_4_0.01": 2.333693280001171,
  "csr_block_32_4_0.1": 2.3343222919793334,
  "csr_block_32_4_0.3": 2.3337388840154745,
  "csr_block_32_4_0.5": 2.334141229017405,
  "csr_block_32_4_1": 2.333778683998389,
  "csr_block_32_8_0.01": 2.3340951449936256,
  "csr_block_32_8_0.1": 2.333558432001155,
  "csr_block_32_8_0.3": 2.333330342982663,
  "csr_block_32_8_0.5": 2.333900744008133,
  "csr_block_32_8_1": 2.3336023580050096,
  "csr_block_64_2_0.01": 2.331916232011281,
  "csr_block_64_2_0.1": 2.331891356006963,
  "csr_block_64_2_0.3": 2.3321581470081583,
  "csr_block_64_2_0.5": 2.331836872996064,
  "csr_block_64_2_1": 2.3322356780117843,
  "csr_block_64_4_0.01": 2.3323915490182117,
  "csr_block_64_4_0.1": 2.3321589659899473,
  "csr_block_64_4_0.3": 2.332630742021138,
  "csr_block_64_4_0.5": 2.6645133729907684,
  "csr_block_64_4_1": 2.3317582729796413,
  "csr_block_64_8_0.01": 2.33247474199743,
  "csr_block_64_8_0.1": 2.332124537002528,
  "csr_block_64_8_0.3": 2.3320996969996486,
  "csr_block_64_8_0.5": 2.6643192449992057,
  "csr_block_64_8_1": 2.6241258100199047
}