{
  "mat3d_2_0.01": 1.4438611139776185,
  "mat3d_2_0.1": 1.5002103929873556,
  "mat3d_2_0.3": 1.9627108960412443,
  "mat3d_2_0.5": 1.526824911008589,
  "mat3d_2_1": 1.4294193020323291,
  "mat3d_4_0.01": 1.8552280329167843,
  "mat3d_4_0.1": 1.423916085041128,
  "mat3d_4_0.3": 1.4654304989380762,
  "mat3d_4_0.5": 1.493423520005308,
  "mat3d_4_1": 1.5353195129428059,
  "mat3d_8_0.01": 1.4740561980288476,
  "mat3d_8_0.1": 1.486265363986604,
  "mat3d_8_0.3": 1.7912474619224668,
  "mat3d_8_0.5": 1.4397029499523342,
  "mat3d_8_1": 1.4595855539664626,
  "csr3_2_0.01": 2.180079187033698,
  "csr3_2_0.1": 2.2361006719293073,
  "csr3_2_0.3": 2.3654812820022926,
  "csr3_2_0.5": 2.4958937920164317,
  "csr3_2_1": 2.4451771629974246,
  "csr3_4_0.01": 2.1767617620062083,
  "csr3_4_0.1": 2.573393643950112,
  "csr3_4_0.3": 2.3153426299104467,
  "csr3_4_0.5": 2.4143460469786078,
  "csr3_4_1": 2.2818609119858593,
  "csr3_8_0.01": 2.1853428130270913,
  "csr3_8_0.1": 2.2301912989933044,
  "csr3_8_0.3": 2.3505601990036666,
  "csr3_8_0.5": 2.470651006908156,
  "csr3_8_1": 2.3845610730350018,
  "csr_block_4_2_0.01": 2.181968061020598,
  "csr_block_4_2_0.1": 2.2196298700291663,
  "csr_block_4_2_0.3": 2.625938415993005,
  "csr_block_4_2_0.5": 2.3961744740372524,
  "csr_block_4_2_1": 2.2632280809339136,
  "csr_block_4_4_0.01": 2.18171170190908,
  "csr_block_4_4_0.1": 2.2247255840338767,
  "csr_block_4_4_0.3": 2.3280737210297957,
  "csr_block_4_4_0.5": 2.42127666703891,
  "csr_block_4_4_1": 2.340688296011649,
  "csr_block_4_8_0.01": 2.183142096037045,
  "csr_block_4_8_0.1": 2.251600385992788,
  "csr_block_4_8_0.3": 2.3796305550495163,
  "csr_block_4_8_0.5": 2.5341673439834267,
  "csr_block_4_8_1": 2.673506971914321,
  "csr_block_8_2_0.01": 2.205260740010999,
  "csr_block_8_2_0.1": 2.2518452130025253,
  "csr_block_8_2_0.3": 2.3385851309867576,
  "csr_block_8_2_0.5": 2.42769801907707,
  "csr_block_8_2_1": 2.296414992073551,
  "csr_block_8_4_0.01": 2.55909121199511,
  "csr_block_8_4_0.1": 2.254928754060529,
  "csr_block_8_4_0.3": 2.359786937944591,
  "csr_block_8_4_0.5": 2.45990483101923,
  "csr_block_8_4_1": 2.3346239430829883,
  "csr_block_8_8_0.01": 2.208442652015947,
  "csr_block_8_8_0.1": 2.2738061230629683,
  "csr_block_8_8_0.3": 2.407733222004026,
  "csr_block_8_8_0.5": 2.5417809579521418,
  "csr_block_8_8_1": 2.561875354964286,
  "csr_block_16_2_0.01": 2.1872915639542043,
  "csr_block_16_2_0.1": 2.226261133910157,
  "csr_block_16_2_0.3": 2.314618977950886,
  "csr_block_16_2_0.5": 2.4057438949821517,
  "csr_block_16_2_1": 2.283841655938886,
  "csr_block_16_4_0.01": 2.1863153650192544,
  "csr_block_16_4_0.1": 2.2332894450519234,
  "csr_block_16_4_0.3": 2.3313534839544445,
  "csr_block_16_4_0.5": 2.41846905706916,
  "csr_block_16_4_1": 2.3249919050140306,
  "csr_block_16_8_0.01": 2.1897664200514555,
  "csr_block_16_8_0.1": 2.6422144590178505,
  "csr_block_16_8_0.3": 2.3682209888938814,
  "csr_block_16_8_0.5": 2.4909161530667916,
  "csr_block_16_8_1": 2.488313880050555,
  "csr_block_64_2_0.01": 2.1794756399467587,
  "csr_block_64_2_0.1": 2.2145232829498127,
  "csr_block_64_2_0.3": 2.3008274789899588,
  "csr_block_64_2_0.5": 2.402571200975217,
  "csr_block_64_2_1": 2.2643508539767936,
  "csr_block_64_4_0.01": 2.1768558740150183,
  "csr_block_64_4_0.1": 2.216818675980903,
  "csr_block_64_4_0.3": 2.3137510609813035,
  "csr_block_64_4_0.5": 2.4155038619646803,
  "csr_block_64_4_1": 2.3057649090187624,
  "csr_block_64_8_0.01": 2.1766952910693362,
  "csr_block_64_8_0.1": 2.228858446003869,
  "csr_block_64_8_0.3": 2.351585817988962,
  "csr_block_64_8_0.5": 2.4731682020938024,
  "csr_block_64_8_1": 2.419105443987064,
  "csr_block_4_inline_2_0.01": 0.8581672339932993,
  "csr_block_4_inline_2_0.1": 0.8672587260371074,
  "csr_block_4_inline_2_0.3": 0.9510670240269974,
  "csr_block_4_inline_2_0.5": 1.148714283015579,
  "csr_block_4_inline_2_1": 0.8541462069842964,
  "csr_block_4_inline_4_0.01": 0.8740709429839626,
  "csr_block_4_inline_4_0.1": 1.1776177879655734,
  "csr_block_4_inline_4_0.3": 0.8893569250358269,
  "csr_block_4_inline_4_0.5": 1.3418651410611346,
  "csr_block_4_inline_4_1": 0.8924395740032196,
  "csr_block_4_inline_8_0.01": 0.9217585650039837,
  "csr_block_4_inline_8_0.1": 0.9296532210428268,
  "csr_block_4_inline_8_0.3": 1.1840411099838093,
  "csr_block_4_inline_8_0.5": 0.9378081649774686,
  "csr_block_4_inline_8_1": 1.1198957830201834,
  "csr_block_8_inline_2_0.01": 0.9259480030741543,
  "csr_block_8_inline_2_0.1": 1.1395012009888887,
  "csr_block_8_inline_2_0.3": 0.9173122509382665,
  "csr_block_8_inline_2_0.5": 1.3509814629796892,
  "csr_block_8_inline_2_1": 1.0300471320515499,
  "csr_block_8_inline_4_0.01": 1.1465059600304812,
  "csr_block_8_inline_4_0.1": 1.014149805996567,
  "csr_block_8_inline_4_0.3": 1.02283290901687,
  "csr_block_8_inline_4_0.5": 0.9359343670075759,
  "csr_block_8_inline_4_1": 0.9690079289721325,
  "csr_block_8_inline_8_0.01": 1.2179283839650452,
  "csr_block_8_inline_8_0.1": 0.8978092409670353,
  "csr_block_8_inline_8_0.3": 0.9088951599551365,
  "csr_block_8_inline_8_0.5": 0.9852759960340336,
  "csr_block_8_inline_8_1": 1.0269981309538707,
  "csr_block_16_inline_2_0.01": 0.9437753739766777,
  "csr_block_16_inline_2_0.1": 0.9160469290800393,
  "csr_block_16_inline_2_0.3": 0.9897165129659697,
  "csr_block_16_inline_2_0.5": 0.9801850569201633,
  "csr_block_16_inline_2_1": 0.9149742620065808,
  "csr_block_16_inline_4_0.01": 0.8470696769654751,
  "csr_block_16_inline_4_0.1": 0.9795296619413421,
  "csr_block_16_inline_4_0.3": 0.8715437889331952,
  "csr_block_16_inline_4_0.5": 0.8951684070052579,
  "csr_block_16_inline_4_1": 0.901994235930033,
  "csr_block_16_inline_8_0.01": 0.9313556579872966,
  "csr_block_16_inline_8_0.1": 0.8732373589882627,
  "csr_block_16_inline_8_0.3": 0.8738068809034303,
  "csr_block_16_inline_8_0.5": 0.9305516679305583,
  "csr_block_16_inline_8_1": 0.9552980039734393,
  "csr_block_64_inline_2_0.01": 0.854431121959351,
  "csr_block_64_inline_2_0.1": 0.9722427480155602,
  "csr_block_64_inline_2_0.3": 0.8819066099822521,
  "csr_block_64_inline_2_0.5": 0.9351817570859566,
  "csr_block_64_inline_2_1": 0.8904466830426827,
  "csr_block_64_inline_4_0.01": 0.8509315820410848,
  "csr_block_64_inline_4_0.1": 0.8269206510158256,
  "csr_block_64_inline_4_0.3": 0.9271175360772759,
  "csr_block_64_inline_4_0.5": 0.9092626679921523,
  "csr_block_64_inline_4_1": 0.9001711859600618,
  "csr_block_64_inline_8_0.01": 0.9227966790786013,
  "csr_block_64_inline_8_0.1": 0.8845132880378515,
  "csr_block_64_inline_8_0.3": 0.9032923370832577,
  "csr_block_64_inline_8_0.5": 0.8507420639507473,
  "csr_block_64_inline_8_1": 0.8713675340404734
}