{
  "mat3d_2_0.01": 1.4438611139776185,
  "mat3d_2_0.1": 1.5002103929873556,
  "mat3d_2_0.3": 1.9627108960412443,
  "mat3d_2_0.5": 1.526824911008589,
  "mat3d_2_1": 1.4294193020323291,
  "mat3d_4_0.01": 1.8552280329167843,
  "mat3d_4_0.1": 1.423916085041128,
  "mat3d_4_0.3": 1.4654304989380762,
  "mat3d_4_0.5": 1.493423520005308,
  "mat3d_4_1": 1.5353195129428059,
  "mat3d_8_0.01": 1.4740561980288476,
  "mat3d_8_0.1": 1.486265363986604,
  "mat3d_8_0.3": 1.7912474619224668,
  "mat3d_8_0.5": 1.4397029499523342,
  "mat3d_8_1": 1.4595855539664626,
  "linked_list_2_0.01": 2.406968413037248,
  "linked_list_2_0.1": 2.4707383420318365,
  "linked_list_2_0.3": 2.608691929024644,
  "linked_list_2_0.5": 2.7318071700865403,
  "linked_list_2_1": 2.651895489078015,
  "linked_list_4_0.01": 2.4218070410424843,
  "linked_list_4_0.1": 2.4799451399594545,
  "linked_list_4_0.3": 2.6743237879127264,
  "linked_list_4_0.5": 2.810925673926249,
  "linked_list_4_1": 3.160571402986534,
  "linked_list_8_0.01": 2.4235516450135037,
  "linked_list_8_0.1": 2.5241829260485247,
  "linked_list_8_0.3": 2.7441391330212355,
  "linked_list_8_0.5": 3.5236354490043595,
  "linked_list_8_1": 4.164615238085389,
  "dynamic_array_2_0.01": 8.561803768039681,
  "dynamic_array_2_0.1": 8.380221347906627,
  "dynamic_array_2_0.3": 8.1745089169126,
  "dynamic_array_2_0.5": 8.086973641999066,
  "dynamic_array_2_1": 7.64122209395282,
  "dynamic_array_4_0.01": 8.587868420989253,
  "dynamic_array_4_0.1": 8.294862259994261,
  "dynamic_array_4_0.3": 7.966840808046982,
  "dynamic_array_4_0.5": 7.732040741015226,
  "dynamic_array_4_1": 7.412695280974731,
  "dynamic_array_8_0.01": 8.54522096796427,
  "dynamic_array_8_0.1": 8.33371368306689,
  "dynamic_array_8_0.3": 8.002499498077668,
  "dynamic_array_8_0.5": 7.720172676956281,
  "dynamic_array_8_1": 7.2605449869297445,
  "dynamic_array_exist_2_0.01": 8.640614674892277,
  "dynamic_array_exist_2_0.1": 8.394155262038112,
  "dynamic_array_exist_2_0.3": 8.179816514952108,
  "dynamic_array_exist_2_0.5": 8.098709819023497,
  "dynamic_array_exist_2_1": 7.690039665903896,
  "dynamic_array_exist_4_0.01": 8.594110149075277,
  "dynamic_array_exist_4_0.1": 8.327230273978785,
  "dynamic_array_exist_4_0.3": 7.976295956992544,
  "dynamic_array_exist_4_0.5": 7.738287815940566,
  "dynamic_array_exist_4_1": 7.22776259703096,
  "dynamic_array_exist_8_0.01": 8.554601816926152,
  "dynamic_array_exist_8_0.1": 8.316022793995216,
  "dynamic_array_exist_8_0.3": 7.973799785017036,
  "dynamic_array_exist_8_0.5": 6.5580695940880105,
  "dynamic_array_exist_8_1": 7.273229168960825,
  "csr2_2_0.01": 6.60520577407442,
  "csr2_2_0.1": 6.945688748033717,
  "csr2_2_0.3": 6.604754045023583,
  "csr2_2_0.5": 6.60516169492621,
  "csr2_2_1": 6.608237548964098,
  "csr2_4_0.01": 6.605935315950774,
  "csr2_4_0.1": 6.602994419983588,
  "csr2_4_0.3": 7.024176681996323,
  "csr2_4_0.5": 6.64860320603475,
  "csr2_4_1": 6.621128735947423,
  "csr2_8_0.01": 6.6139892369974405,
  "csr2_8_0.1": 6.609410837991163,
  "csr2_8_0.3": 6.6169890279415995,
  "csr2_8_0.5": 6.627749818027951,
  "csr2_8_1": 6.652895785053261,
  "csr3_2_0.01": 2.180079187033698,
  "csr3_2_0.1": 2.2361006719293073,
  "csr3_2_0.3": 2.3654812820022926,
  "csr3_2_0.5": 2.4958937920164317,
  "csr3_2_1": 2.4451771629974246,
  "csr3_4_0.01": 2.1767617620062083,
  "csr3_4_0.1": 2.573393643950112,
  "csr3_4_0.3": 2.3153426299104467,
  "csr3_4_0.5": 2.4143460469786078,
  "csr3_4_1": 2.2818609119858593,
  "csr3_8_0.01": 2.1853428130270913,
  "csr3_8_0.1": 2.2301912989933044,
  "csr3_8_0.3": 2.3505601990036666,
  "csr3_8_0.5": 2.470651006908156,
  "csr3_8_1": 2.3845610730350018
}