{
  "backus_2_0.01": 0.06702556367963552,
  "backus_2_0.1": 0.02747331652790308,
  "backus_2_0.3": 0.03199188318103552,
  "backus_2_0.5": 0.03447675984352827,
  "backus_2_0.8": 0.03703257907181978,
  "backus_2_1": 0.03986240737140179,
  "backus_4_0.01": 0.08392034284770489,
  "backus_4_0.1": 0.05312805809080601,
  "backus_4_0.3": 0.0607621343806386,
  "backus_4_0.5": 0.06298206467181444,
  "backus_4_0.8": 0.07173115108162165,
  "backus_4_1": 0.08174932096153498,
  "backus_8_0.01": 0.10058351792395115,
  "backus_8_0.1": 0.10611938498914242,
  "backus_8_0.3": 0.11695544328540564,
  "backus_8_0.5": 0.16794826555997133,
  "backus_8_0.8": 0.2119570979848504,
  "backus_8_1": 0.2243009964004159,
  "mat4d_2_0.01": 0.2563539072871208,
  "mat4d_2_0.1": 0.27039235830307007,
  "mat4d_2_0.3": 0.25469761714339256,
  "mat4d_2_0.5": 0.25456335488706827,
  "mat4d_2_0.8": 0.2530594002455473,
  "mat4d_2_1": 0.2789568016305566,
  "mat4d_4_0.01": 0.5358722601085901,
  "mat4d_4_0.1": 0.5027856770902872,
  "mat4d_4_0.3": 0.573328860104084,
  "mat4d_4_0.5": 0.5035707438364625,
  "mat4d_4_0.8": 0.5053731771185994,
  "mat4d_4_1": 0.5065796747803688,
  "mat4d_8_0.01": 1.0031481701880693,
  "mat4d_8_0.1": 0.9999895198270679,
  "mat4d_8_0.3": 1.0474754106253386,
  "mat4d_8_0.5": 1.043364442884922,
  "mat4d_8_0.8": 1.0161914937198162,
  "mat4d_8_1": 1.0099430736154318,
  "leeor4d_2_0.01": 0.5351151116192341,
  "leeor4d_2_0.1": 0.5384119665250182,
  "leeor4d_2_0.3": 0.5549776311963797,
  "leeor4d_2_0.5": 0.6181589961051941,
  "leeor4d_2_0.8": 0.5991495763882995,
  "leeor4d_2_1": 0.6178207490593195,
  "leeor4d_4_0.01": 0.9925211276859045,
  "leeor4d_4_0.1": 1.7982074739411473,
  "leeor4d_4_0.3": 0.9646792830899358,
  "leeor4d_4_0.5": 0.9294537305831909,
  "leeor4d_4_0.8": 0.9331128504127264,
  "leeor4d_4_1": 0.9874661918729544,
  "leeor4d_8_0.01": 1.4318426493555307,
  "leeor4d_8_0.1": 1.536902085877955,
  "leeor4d_8_0.3": 1.5192832862958312,
  "leeor4d_8_0.5": 1.6185172069817781,
  "leeor4d_8_0.8": 6.89424363989383,
  "leeor4d_8_1": 10.498584339395165,
  "csr_2_0.01": 0.3212268091738224,
  "csr_2_0.1": 0.30059812124818563,
  "csr_2_0.3": 0.31744465231895447,
  "csr_2_0.5": 0.32696504704654217,
  "csr_2_0.8": 0.34956534672528505,
  "csr_2_1": 0.3870388315990567,
  "csr_4_0.01": 0.5914542730897665,
  "csr_4_0.1": 0.6027519647032022,
  "csr_4_0.3": 0.6339399069547653,
  "csr_4_0.5": 0.6538666198030114,
  "csr_4_0.8": 0.7159296618774533,
  "csr_4_1": 0.7395207546651363,
  "csr_8_0.01": 1.2914348915219307,
  "csr_8_0.1": 1.308584662154317,
  "csr_8_0.3": 1.3132422296330333,
  "csr_8_0.5": 1.3371309796348214,
  "csr_8_0.8": 1.4033632362261415,
  "csr_8_1": 1.4418485593050718
}