{
  "mat4d_2_0.01": 0.6833356120623648,
  "mat4d_2_0.1": 0.6869473410770297,
  "mat4d_2_0.3": 0.6820632610470057,
  "mat4d_2_0.5": 0.6816021359991282,
  "mat4d_2_1": 0.6815943468827754,
  "mat4d_4_0.01": 1.3107323918957263,
  "mat4d_4_0.1": 1.3116574650630355,
  "mat4d_4_0.3": 1.31736015714705,
  "mat4d_4_0.5": 1.312946518883109,
  "mat4d_4_1": 1.3125088431406766,
  "mat4d_8_0.01": 2.553591208998114,
  "mat4d_8_0.1": 2.5572598590515554,
  "mat4d_8_0.3": 2.5542280410882086,
  "mat4d_8_0.5": 2.5545386411249638,
  "mat4d_8_1": 2.73839775682427,
  "linked_list_2_0.01": 0.8857488699723035,
  "linked_list_2_0.1": 1.1023635459132493,
  "linked_list_2_0.3": 1.6285280969459563,
  "linked_list_2_0.5": 1.8496718369424343,
  "linked_list_2_1": 1.7987510850653052,
  "linked_list_4_0.01": 1.7065852999221534,
  "linked_list_4_0.1": 2.386039686156437,
  "linked_list_4_0.3": 3.5396569911390543,
  "linked_list_4_0.5": 4.256655354052782,
  "linked_list_4_1": 4.005925844889134,
  "linked_list_8_0.01": 3.4104191190563142,
  "linked_list_8_0.1": 5.064280587946996,
  "linked_list_8_0.3": 8.95997850317508,
  "linked_list_8_0.5": 11.153461534995586,
  "linked_list_8_1": 11.42080045491457,
  "csr_2_0.01": 0.7609689279925078,
  "csr_2_0.1": 0.8682399380486459,
  "csr_2_0.3": 1.1172362689394504,
  "csr_2_0.5": 1.3734165858477354,
  "csr_2_1": 1.0271834461018443,
  "csr_4_0.01": 1.4651443781331182,
  "csr_4_0.1": 1.688150695990771,
  "csr_4_0.3": 2.183559297118336,
  "csr_4_0.5": 2.689797565108165,
  "csr_4_1": 1.958791532088071,
  "csr_8_0.01": 2.952902769902721,
  "csr_8_0.1": 3.3147389891091734,
  "csr_8_0.3": 4.347829985199496,
  "csr_8_0.5": 6.114728084066883,
  "csr_8_1": 3.8679352840408683,
  "csr_block_8_2_0.01": 0.7691243248991668,
  "csr_block_8_2_0.1": 0.91244335193187,
  "csr_block_8_2_0.3": 1.201113001909107,
  "csr_block_8_2_0.5": 1.6891063409857452,
  "csr_block_8_2_1": 1.0704508919734508,
  "csr_block_8_4_0.01": 1.4884358460549265,
  "csr_block_8_4_0.1": 1.7676602830179036,
  "csr_block_8_4_0.3": 2.619423019932583,
  "csr_block_8_4_0.5": 3.4121193040627986,
  "csr_block_8_4_1": 2.1146628588903695,
  "csr_block_8_8_0.01": 2.9112154911272228,
  "csr_block_8_8_0.1": 3.598863698076457,
  "csr_block_8_8_0.3": 5.2468453359324485,
  "csr_block_8_8_0.5": 6.744183913106099,
  "csr_block_8_8_1": 4.451850730925798,
  "csr_block_16_2_0.01": 0.7677962488960475,
  "csr_block_16_2_0.1": 0.9045634421054274,
  "csr_block_16_2_0.3": 1.1800086740404367,
  "csr_block_16_2_0.5": 1.437691992148757,
  "csr_block_16_2_1": 1.2313489960506558,
  "csr_block_16_4_0.01": 1.4773515569977462,
  "csr_block_16_4_0.1": 1.7160005250480026,
  "csr_block_16_4_0.3": 2.219987845979631,
  "csr_block_16_4_0.5": 2.8341073759365827,
  "csr_block_16_4_1": 2.27526669902727,
  "csr_block_16_8_0.01": 2.894586400128901,
  "csr_block_16_8_0.1": 3.3579468389507383,
  "csr_block_16_8_0.3": 4.42607258586213,
  "csr_block_16_8_0.5": 5.572814887855202,
  "csr_block_16_8_1": 4.245017916895449,
  "csr_block_32_2_0.01": 0.7628022260032594,
  "csr_block_32_2_0.1": 0.8751146651338786,
  "csr_block_32_2_0.3": 1.1268387818709016,
  "csr_block_32_2_0.5": 1.4077860519755632,
  "csr_block_32_2_1": 1.0406513949856162,
  "csr_block_32_4_0.01": 1.4703254320193082,
  "csr_block_32_4_0.1": 1.6935453608166426,
  "csr_block_32_4_0.3": 2.2008464401587844,
  "csr_block_32_4_0.5": 2.7463792827911675,
  "csr_block_32_4_1": 1.9921875279396772,
  "csr_block_32_8_0.01": 2.882070003077388,
  "csr_block_32_8_0.1": 3.33155609597452,
  "csr_block_32_8_0.3": 4.399902990087867,
  "csr_block_32_8_0.5": 5.4403890951070935,
  "csr_block_32_8_1": 3.899061366915703,
  "csr_block_64_2_0.01": 0.759540508966893,
  "csr_block_64_2_0.1": 0.8724469270091504,
  "csr_block_64_2_0.3": 1.1213764769490808,
  "csr_block_64_2_0.5": 1.3912106258794665,
  "csr_block_64_2_1": 1.0146563940215856,
  "csr_block_64_4_0.01": 1.4667626929003745,
  "csr_block_64_4_0.1": 1.692851983010769,
  "csr_block_64_4_0.3": 2.1941873100586236,
  "csr_block_64_4_0.5": 2.724837542977184,
  "csr_block_64_4_1": 1.9554141138214618,
  "csr_block_64_8_0.01": 2.8785957070067525,
  "csr_block_64_8_0.1": 3.3604572070762515,
  "csr_block_64_8_0.3": 4.3866783960256726,
  "csr_block_64_8_0.5": 5.40700428490527,
  "csr_block_64_8_1": 3.888181793037802
}