{
  "backus_2_0.01": 0.07098375260829926,
  "backus_2_0.1": 0.03146893437951803,
  "backus_2_0.3": 0.04908841196447611,
  "backus_2_0.4": 0.03615126945078373,
  "backus_2_0.5": 0.03918904159218073,
  "backus_2_0.6": 0.12836660165339708,
  "backus_4_0.01": 0.09330327343195677,
  "backus_4_0.1": 0.060159510001540184,
  "backus_4_0.3": 0.09734858013689518,
  "backus_4_0.4": 0.10428679082542658,
  "backus_4_0.5": 0.35443568602204323,
  "backus_4_0.6": 0.1511143445968628,
  "backus_8_0.01": 0.13707973808050156,
  "backus_8_0.1": 0.16730557661503553,
  "backus_8_0.3": 0.2002030210569501,
  "backus_8_0.4": 0.20614235289394855,
  "backus_8_0.5": 0.21060517616569996,
  "backus_8_0.6": 0.21834102645516396,
  "leeor4d_2_0.01": 0.5168401105329394,
  "leeor4d_2_0.1": 0.5629986105486751,
  "leeor4d_2_0.3": 0.5838605752214789,
  "leeor4d_2_0.4": 0.5710233123973012,
  "leeor4d_2_0.5": 0.5925424043089151,
  "leeor4d_2_0.6": 0.7272441117092967,
  "leeor4d_4_0.01": 0.7949352143332362,
  "leeor4d_4_0.1": 0.8075987128540874,
  "leeor4d_4_0.3": 0.8957240050658584,
  "leeor4d_4_0.4": 0.9189628902822733,
  "leeor4d_4_0.5": 0.9562636753544211,
  "leeor4d_4_0.6": 0.9377276739105582,
  "leeor4d_8_0.01": 1.4742568414658308,
  "leeor4d_8_0.1": 1.3451450150460005,
  "leeor4d_8_0.3": 1.4881550734862685,
  "leeor4d_8_0.4": 1.4843375142663717,
  "leeor4d_8_0.5": 1.4890354946255684,
  "leeor4d_8_0.6": 1.682035192847252,
  "csr_2_0.01": 0.07478578761219978,
  "csr_2_0.1": 0.07407467812299728,
  "csr_2_0.3": 0.08138697501271963,
  "csr_2_0.4": 0.08547310810536146,
  "csr_2_0.5": 0.08857129421085119,
  "csr_2_0.6": 0.09751963149756193,
  "csr_4_0.01": 0.10428732540458441,
  "csr_4_0.1": 0.10899587720632553,
  "csr_4_0.3": 0.1225125901401043,
  "csr_4_0.4": 0.12925491388887167,
  "csr_4_0.5": 0.13899812940508127,
  "csr_4_0.6": 0.14121744316071272,
  "csr_8_0.01": 0.1922771017998457,
  "csr_8_0.1": 0.20330873131752014,
  "csr_8_0.3": 0.22249480057507753,
  "csr_8_0.4": 0.2332460405305028,
  "csr_8_0.5": 0.24476121459156275,
  "csr_8_0.6": 0.305084933526814,
  "csr_pure_2_0.01": 0.05260710325092077,
  "csr_pure_2_0.1": 0.055533070117235184,
  "csr_pure_2_0.3": 0.06259426008909941,
  "csr_pure_2_0.4": 0.06670084316283464,
  "csr_pure_2_0.5": 0.08011636044830084,
  "csr_pure_2_0.6": 0.0790109047666192,
  "csr_pure_4_0.01": 0.09857733454555273,
  "csr_pure_4_0.1": 0.10258296597748995,
  "csr_pure_4_0.3": 0.11487980280071497,
  "csr_pure_4_0.4": 0.132480189204216,
  "csr_pure_4_0.5": 0.22726482804864645,
  "csr_pure_4_0.6": 0.13675120752304792,
  "csr_pure_8_0.01": 0.19653872586786747,
  "csr_pure_8_0.1": 0.3672111174091697,
  "csr_pure_8_0.3": 0.33322224114090204,
  "csr_pure_8_0.4": 0.29621050134301186,
  "csr_pure_8_0.5": 0.2568661328405142,
  "csr_pure_8_0.6": 0.2845271397382021,
  "csr_update_pure_2_0.01": 0.1516586858779192,
  "csr_update_pure_2_0.1": 0.15470189694315195,
  "csr_update_pure_2_0.3": 0.1747223325073719,
  "csr_update_pure_2_0.4": 0.1716820066794753,
  "csr_update_pure_2_0.5": 0.17641490139067173,
  "csr_update_pure_2_0.6": 0.18154847715049982,
  "csr_update_pure_4_0.01": 0.30305400397628546,
  "csr_update_pure_4_0.1": 0.31021298095583916,
  "csr_update_pure_4_0.3": 0.3226054897531867,
  "csr_update_pure_4_0.4": 0.3364348104223609,
  "csr_update_pure_4_0.5": 0.3953274264931679,
  "csr_update_pure_4_0.6": 0.3552026366814971,
  "csr_update_pure_8_0.01": 0.5812467532232404,
  "csr_update_pure_8_0.1": 0.5880239577963948,
  "csr_update_pure_8_0.3": 0.6965870084241033,
  "csr_update_pure_8_0.4": 0.656107185408473,
  "csr_update_pure_8_0.5": 0.6832442581653595,
  "csr_update_pure_8_0.6": 0.7674556458368897
}