{
  "backus_2_0.01": 0.06367852259427309,
  "backus_2_0.1": 0.028063355945050716,
  "backus_2_0.3": 0.04151909053325653,
  "backus_2_0.5": 0.03310820832848549,
  "backus_2_0.8": 0.04283140506595373,
  "backus_2_1": 0.04465132486075163,
  "backus_4_0.01": 0.10648285876959562,
  "backus_4_0.1": 0.0542967701330781,
  "backus_4_0.3": 0.058786758221685886,
  "backus_4_0.5": 0.08684486243873835,
  "backus_4_0.8": 0.2684733858332038,
  "backus_4_1": 0.11283512227237225,
  "backus_8_0.01": 0.16206636559218168,
  "backus_8_0.1": 0.13278040941804647,
  "backus_8_0.3": 0.24511524103581905,
  "backus_8_0.5": 0.19672967121005058,
  "backus_8_0.8": 0.22389357909560204,
  "backus_8_1": 0.24119656160473824,
  "mat4d_2_0.01": 0.22656276728957891,
  "mat4d_2_0.1": 0.23414910770952702,
  "mat4d_2_0.3": 0.2726774075999856,
  "mat4d_2_0.5": 0.32052763644605875,
  "mat4d_2_0.8": 0.3719966458156705,
  "mat4d_2_1": 0.40536358393728733,
  "mat4d_4_0.01": 0.5885788844898343,
  "mat4d_4_0.1": 0.6043838169425726,
  "mat4d_4_0.3": 0.7476341398432851,
  "mat4d_4_0.5": 0.7081716889515519,
  "mat4d_4_0.8": 0.7608741531148553,
  "mat4d_4_1": 0.8135053459554911,
  "mat4d_8_0.01": 1.165882014669478,
  "mat4d_8_0.1": 1.2325647911056876,
  "mat4d_8_0.3": 1.3055290216580033,
  "mat4d_8_0.5": 1.6506325164809823,
  "mat4d_8_0.8": 6.798252398148179,
  "mat4d_8_1": 11.734769882634282,
  "leeor4d_2_0.01": 0.3096806602552533,
  "leeor4d_2_0.1": 0.37566755805164576,
  "leeor4d_2_0.3": 0.44346965849399567,
  "leeor4d_2_0.5": 0.77244973462075,
  "leeor4d_2_0.8": 1.126954191364348,
  "leeor4d_2_1": 0.7664654152467847,
  "leeor4d_4_0.01": 0.612715695053339,
  "leeor4d_4_0.1": 0.6656336728483438,
  "leeor4d_4_0.3": 0.8229387244209647,
  "leeor4d_4_0.5": 0.8888401472941041,
  "leeor4d_4_0.8": 1.0819705640897155,
  "leeor4d_4_1": 1.6185305416584015,
  "leeor4d_8_0.01": 1.1562322555109859,
  "leeor4d_8_0.1": 1.1953679751604795,
  "leeor4d_8_0.3": 1.4781558541581035,
  "leeor4d_8_0.5": 6.419667768292129,
  "leeor4d_8_0.8": 17.50687409657985,
  "leeor4d_8_1": 21.09385314863175,
  "csr_2_0.01": 0.4462408134713769,
  "csr_2_0.1": 0.44355888571590185,
  "csr_2_0.3": 0.5024102991446853,
  "csr_2_0.5": 0.5125185791403055,
  "csr_2_0.8": 0.5531451348215342,
  "csr_2_1": 0.7912886487320065,
  "csr_4_0.01": 0.6678115976974368,
  "csr_4_0.1": 0.7761856708675623,
  "csr_4_0.3": 0.8100881380960345,
  "csr_4_0.5": 1.0935749122872949,
  "csr_4_0.8": 1.1305774273350835,
  "csr_4_1": 1.2313745152205229,
  "csr_8_0.01": 1.4168267510831356,
  "csr_8_0.1": 1.5265867924317718,
  "csr_8_0.3": 1.785840306431055,
  "csr_8_0.5": 1.958736639469862,
  "csr_8_0.8": 5.1519980458542705,
  "csr_8_1": 13.681999584659934
}