{
  "backus_2_0.01": 0.09620451647788286,
  "backus_2_0.1": 0.1903295749798417,
  "backus_2_0.3": 0.04986295010894537,
  "backus_2_0.5": 0.06144171301275492,
  "backus_2_0.8": 0.06051046773791313,
  "backus_2_1": 0.06066210847347975,
  "backus_4_0.01": 0.14609173592180014,
  "backus_4_0.1": 0.08525853883475065,
  "backus_4_0.3": 0.09938388504087925,
  "backus_4_0.5": 0.28486225567758083,
  "backus_4_0.8": 0.14568046666681767,
  "backus_4_1": 0.1589515656232834,
  "backus_8_0.01": 0.20556599367409945,
  "backus_8_0.1": 0.20955819822847843,
  "backus_8_0.3": 0.12887044437229633,
  "backus_8_0.5": 0.24916337709873915,
  "backus_8_0.8": 0.23276564851403236,
  "backus_8_1": 0.27441143337637186,
  "leeor4d_2_0.01": 0.5257452074438334,
  "leeor4d_2_0.1": 0.5261039361357689,
  "leeor4d_2_0.3": 0.5576679091900587,
  "leeor4d_2_0.5": 0.573297549970448,
  "leeor4d_2_0.8": 0.6984079973772168,
  "leeor4d_2_1": 0.6657289126887918,
  "leeor4d_4_0.01": 1.3245935197919607,
  "leeor4d_4_0.1": 0.8197371065616608,
  "leeor4d_4_0.3": 0.8755272729322314,
  "leeor4d_4_0.5": 1.4179853033274412,
  "leeor4d_4_0.8": 1.08452117908746,
  "leeor4d_4_1": 1.3748623887076974,
  "leeor4d_8_0.01": 2.0176904322579503,
  "leeor4d_8_0.1": 1.395884696394205,
  "leeor4d_8_0.3": 1.4614204671233892,
  "leeor4d_8_0.5": 1.587666585110128,
  "leeor4d_8_0.8": 8.031276481226087,
  "leeor4d_8_1": 15.252336765639484,
  "csr_2_0.01": 0.08066349104046822,
  "csr_2_0.1": 0.07478496991097927,
  "csr_2_0.3": 0.1258172495290637,
  "csr_2_0.5": 0.08840704802423716,
  "csr_2_0.8": 0.12810281105339527,
  "csr_2_1": 0.10842995252460241,
  "csr_4_0.01": 0.16509371437132359,
  "csr_4_0.1": 0.11762116383761168,
  "csr_4_0.3": 0.12365958746522665,
  "csr_4_0.5": 0.133271262049675,
  "csr_4_0.8": 0.19669038336724043,
  "csr_4_1": 0.18290734477341175,
  "csr_8_0.01": 0.2062605330720544,
  "csr_8_0.1": 0.20298350602388382,
  "csr_8_0.3": 0.22842464689165354,
  "csr_8_0.5": 0.2565933419391513,
  "csr_8_0.8": 0.2737321248278022,
  "csr_8_1": 0.6794938240200281
}