{
  "mat3d_2_0.01": 7.088752534007654,
  "mat3d_2_0.1": 7.272433442994952,
  "mat3d_2_0.3": 12.271285007009283,
  "mat3d_2_0.5": 7.928987293038517,
  "mat3d_2_1": 7.068490930949338,
  "mat3d_4_0.01": 9.636194856953807,
  "mat3d_4_0.1": 7.081094573019072,
  "mat3d_4_0.3": 7.09498341800645,
  "mat3d_4_0.5": 7.129583891946822,
  "mat3d_4_1": 7.9697766550816596,
  "mat3d_8_0.01": 7.092672642902471,
  "mat3d_8_0.1": 7.068473532097414,
  "mat3d_8_0.3": 12.11297768203076,
  "mat3d_8_0.5": 7.137171383947134,
  "mat3d_8_1": 7.088553535984829,
  "linked_list_2_0.01": 2.8251850670203567,
  "linked_list_2_0.1": 3.065394685952924,
  "linked_list_2_0.3": 3.8841748340055346,
  "linked_list_2_0.5": 4.489477911964059,
  "linked_list_2_1": 6.163450354011729,
  "linked_list_4_0.01": 2.8776971319457516,
  "linked_list_4_0.1": 3.3798385189147666,
  "linked_list_4_0.3": 5.049474632018246,
  "linked_list_4_0.5": 6.6208967820275575,
  "linked_list_4_1": 9.762458515935577,
  "linked_list_8_0.01": 2.867396696936339,
  "linked_list_8_0.1": 4.317928411997855,
  "linked_list_8_0.3": 7.47977480397094,
  "linked_list_8_0.5": 8.638979778974317,
  "linked_list_8_1": 10.549644764978439,
  "dynamic_array_2_0.01": 16.763842082000338,
  "dynamic_array_2_0.1": 17.526880934019573,
  "dynamic_array_2_0.3": 18.101230175001547,
  "dynamic_array_2_0.5": 18.366055921069346,
  "dynamic_array_2_1": 16.92029849893879,
  "dynamic_array_4_0.01": 16.675497639924288,
  "dynamic_array_4_0.1": 17.626694350969046,
  "dynamic_array_4_0.3": 18.292256614076905,
  "dynamic_array_4_0.5": 18.569225289975293,
  "dynamic_array_4_1": 17.09709855809342,
  "dynamic_array_8_0.01": 16.879745931946672,
  "dynamic_array_8_0.1": 17.670017426018603,
  "dynamic_array_8_0.3": 18.62308716995176,
  "dynamic_array_8_0.5": 19.375779734924436,
  "dynamic_array_8_1": 17.46295449603349,
  "dynamic_array_exist_2_0.01": 17.2718375059776,
  "dynamic_array_exist_2_0.1": 17.46296141797211,
  "dynamic_array_exist_2_0.3": 18.082966351066716,
  "dynamic_array_exist_2_0.5": 18.413828616030514,
  "dynamic_array_exist_2_1": 17.146408549975604,
  "dynamic_array_exist_4_0.01": 16.71767970302608,
  "dynamic_array_exist_4_0.1": 17.528331964975223,
  "dynamic_array_exist_4_0.3": 18.270384021103382,
  "dynamic_array_exist_4_0.5": 18.543139033950865,
  "dynamic_array_exist_4_1": 16.798108534887433,
  "dynamic_array_exist_8_0.01": 16.734334702952765,
  "dynamic_array_exist_8_0.1": 17.55490536498837,
  "dynamic_array_exist_8_0.3": 18.5508182750782,
  "dynamic_array_exist_8_0.5": 20.975093541899696,
  "dynamic_array_exist_8_1": 17.055908582056873,
  "csr2_2_0.01": 7.386355843045749,
  "csr2_2_0.1": 7.767307920032181,
  "csr2_2_0.3": 7.373989981948398,
  "csr2_2_0.5": 7.379551772028208,
  "csr2_2_1": 7.343746696016751,
  "csr2_4_0.01": 7.439976716996171,
  "csr2_4_0.1": 7.424483353970572,
  "csr2_4_0.3": 7.9404623579466715,
  "csr2_4_0.5": 7.484725691028871,
  "csr2_4_1": 7.383515789988451,
  "csr2_8_0.01": 7.5831513369921595,
  "csr2_8_0.1": 7.761079057003371,
  "csr2_8_0.3": 7.634766930015758,
  "csr2_8_0.5": 7.70908415701706,
  "csr2_8_1": 7.6961746220476925,
  "csr3_2_0.01": 3.9085007929243147,
  "csr3_2_0.1": 3.8748881759820506,
  "csr3_2_0.3": 3.989276336040348,
  "csr3_2_0.5": 4.148918583989143,
  "csr3_2_1": 3.8787990929558873,
  "csr3_4_0.01": 3.862698412965983,
  "csr3_4_0.1": 4.263784180977382,
  "csr3_4_0.3": 4.218319815932773,
  "csr3_4_0.5": 4.545642289915122,
  "csr3_4_1": 4.1960146490018815,
  "csr3_8_0.01": 4.052915956941433,
  "csr3_8_0.1": 4.37582829897292,
  "csr3_8_0.3": 4.761532478034496,
  "csr3_8_0.5": 5.406082224100828,
  "csr3_8_1": 4.747858445974998,
  "csr_block_4_2_0.01": 3.769330490962602,
  "csr_block_4_2_0.1": 4.0142007149988785,
  "csr_block_4_2_0.3": 4.339322909945622,
  "csr_block_4_2_0.5": 4.30738808598835,
  "csr_block_4_2_1": 4.048931444995105,
  "csr_block_4_4_0.01": 3.867410847917199,
  "csr_block_4_4_0.1": 4.300097337923944,
  "csr_block_4_4_0.3": 4.714257768006064,
  "csr_block_4_4_0.5": 4.993873869068921,
  "csr_block_4_4_1": 4.738679587026127,
  "csr_block_4_8_0.01": 3.9717858049552888,
  "csr_block_4_8_0.1": 4.998824103036895,
  "csr_block_4_8_0.3": 5.874578743940219,
  "csr_block_4_8_0.5": 6.38299558009021,
  "csr_block_4_8_1": 6.18902180204168,
  "csr_block_8_2_0.01": 3.8685893210349604,
  "csr_block_8_2_0.1": 4.048334478051402,
  "csr_block_8_2_0.3": 4.219917513080873,
  "csr_block_8_2_0.5": 4.334922024980187,
  "csr_block_8_2_1": 4.122670248965733,
  "csr_block_8_4_0.01": 4.149689038051292,
  "csr_block_8_4_0.1": 4.318411607062444,
  "csr_block_8_4_0.3": 4.6557041010819376,
  "csr_block_8_4_0.5": 4.934591769007966,
  "csr_block_8_4_1": 4.53576925501693,
  "csr_block_8_8_0.01": 4.071181620005518,
  "csr_block_8_8_0.1": 4.931419255910441,
  "csr_block_8_8_0.3": 5.8119330840418115,
  "csr_block_8_8_0.5": 6.2841391490073875,
  "csr_block_8_8_1": 5.805986523046158,
  "csr_block_16_2_0.01": 3.845726064988412,
  "csr_block_16_2_0.1": 4.036990967928432,
  "csr_block_16_2_0.3": 4.196490005939268,
  "csr_block_16_2_0.5": 4.344291460933164,
  "csr_block_16_2_1": 4.117022729013115,
  "csr_block_16_4_0.01": 3.898616853985004,
  "csr_block_16_4_0.1": 4.312047397950664,
  "csr_block_16_4_0.3": 4.644821009016596,
  "csr_block_16_4_0.5": 4.872907627024688,
  "csr_block_16_4_1": 4.485318857943639,
  "csr_block_16_8_0.01": 4.002517931978218,
  "csr_block_16_8_0.1": 4.902144952095114,
  "csr_block_16_8_0.3": 5.6083332219859585,
  "csr_block_16_8_0.5": 6.015279738930985,
  "csr_block_16_8_1": 5.701550991972908,
  "csr_block_64_2_0.01": 3.8940120270708576,
  "csr_block_64_2_0.1": 3.965159857994877,
  "csr_block_64_2_0.3": 4.129040176980197,
  "csr_block_64_2_0.5": 4.2740485719405115,
  "csr_block_64_2_1": 4.012437349068932,
  "csr_block_64_4_0.01": 3.9009651039959863,
  "csr_block_64_4_0.1": 4.13697925908491,
  "csr_block_64_4_0.3": 4.4425402380293235,
  "csr_block_64_4_0.5": 4.724717814009637,
  "csr_block_64_4_1": 4.299447559053078,
  "csr_block_64_8_0.01": 3.9927518470212817,
  "csr_block_64_8_0.1": 4.683178334031254,
  "csr_block_64_8_0.3": 5.143723762943409,
  "csr_block_64_8_0.5": 5.709258617949672,
  "csr_block_64_8_1": 5.141821917030029
}