{
  "mat3d_2_0.01": 7.6718210320104845,
  "mat3d_2_0.1": 7.698025469027925,
  "mat3d_2_0.3": 7.680919311009347,
  "mat3d_2_0.5": 7.7006081599975005,
  "mat3d_2_1": 7.6712814310449176,
  "mat3d_4_0.01": 7.665867095987778,
  "mat3d_4_0.1": 7.676742539042607,
  "mat3d_4_0.3": 7.675093460013159,
  "mat3d_4_0.5": 7.685394347994588,
  "mat3d_4_1": 7.863470377982594,
  "mat3d_8_0.01": 7.68643656198401,
  "mat3d_8_0.1": 7.669605304021388,
  "mat3d_8_0.3": 7.665037528960966,
  "mat3d_8_0.5": 7.6754571290221065,
  "mat3d_8_1": 7.6739242690382525,
  "linked_list_2_0.01": 4.243582826980855,
  "linked_list_2_0.1": 5.347060012980364,
  "linked_list_2_0.3": 8.297634963993914,
  "linked_list_2_0.5": 10.286677365016658,
  "linked_list_2_1": 7.62546700600069,
  "linked_list_4_0.01": 4.259288478002418,
  "linked_list_4_0.1": 5.783754984964617,
  "linked_list_4_0.3": 9.178918467019685,
  "linked_list_4_0.5": 11.872948999982327,
  "linked_list_4_1": 11.438908990996424,
  "linked_list_8_0.01": 4.324606339971069,
  "linked_list_8_0.1": 6.399373561958782,
  "linked_list_8_0.3": 10.696729604969732,
  "linked_list_8_0.5": 15.357712249970064,
  "linked_list_8_1": 19.746400296979118,
  "csr_2_0.01": 3.8338660150184296,
  "csr_2_0.1": 3.893859731964767,
  "csr_2_0.3": 4.01130719401408,
  "csr_2_0.5": 4.172367718012538,
  "csr_2_1": 3.9171767359948717,
  "csr_4_0.01": 3.900173080037348,
  "csr_4_0.1": 4.014022187970113,
  "csr_4_0.3": 4.247148277994711,
  "csr_4_0.5": 4.9617724329582416,
  "csr_4_1": 4.12469151604455,
  "csr_8_0.01": 3.9861714410362765,
  "csr_8_0.1": 4.391009336046409,
  "csr_8_0.3": 4.784262481029145,
  "csr_8_0.5": 5.415581154986285,
  "csr_8_1": 4.767240824003238
}