{
  "mat3d_2_0.01": 7.615448188007576,
  "mat3d_2_0.1": 7.651750973978778,
  "mat3d_2_0.3": 7.614747426006943,
  "mat3d_2_0.5": 7.620581585011678,
  "mat3d_2_1": 7.620752866991097,
  "mat3d_4_0.01": 7.623674204980489,
  "mat3d_4_0.1": 7.663518142013345,
  "mat3d_4_0.3": 7.636918258998776,
  "mat3d_4_0.5": 7.621899313991889,
  "mat3d_4_1": 8.891030981001677,
  "mat3d_8_0.01": 7.631537626992213,
  "mat3d_8_0.1": 7.616637241997523,
  "mat3d_8_0.3": 7.615215464000357,
  "mat3d_8_0.5": 7.623215492989402,
  "mat3d_8_1": 7.618060150009114,
  "linked_list_2_0.01": 4.195730111998273,
  "linked_list_2_0.1": 5.347697790013626,
  "linked_list_2_0.3": 8.4069794259849,
  "linked_list_2_0.5": 10.243389331008075,
  "linked_list_2_1": 7.633750054985285,
  "linked_list_4_0.01": 4.383045319991652,
  "linked_list_4_0.1": 6.242107847996522,
  "linked_list_4_0.3": 9.005045647005318,
  "linked_list_4_0.5": 11.787128800991923,
  "linked_list_4_1": 11.436786847014446,
  "linked_list_8_0.01": 4.291172928002197,
  "linked_list_8_0.1": 6.295981226983713,
  "linked_list_8_0.3": 10.748983002995374,
  "linked_list_8_0.5": 15.317670452001039,
  "linked_list_8_1": 19.675788399996236,
  "csr_2_0.01": 3.8203950059833005,
  "csr_2_0.1": 3.87871864499175,
  "csr_2_0.3": 4.001862795004854,
  "csr_2_0.5": 4.151985598989995,
  "csr_2_1": 3.891118016996188,
  "csr_4_0.01": 3.8723206790164113,
  "csr_4_0.1": 3.999766124004964,
  "csr_4_0.3": 4.233719242009101,
  "csr_4_0.5": 4.544980066973949,
  "csr_4_1": 4.1070170090242755,
  "csr_8_0.01": 3.972026959992945,
  "csr_8_0.1": 4.422216027975082,
  "csr_8_0.3": 4.768902031995822,
  "csr_8_0.5": 5.4007477890118025,
  "csr_8_1": 4.754952479997883,
  "csr_block_8_2_0.01": 3.757748211006401,
  "csr_block_8_2_0.1": 3.7658207649947144,
  "csr_block_8_2_0.3": 3.785313642001711,
  "csr_block_8_2_0.5": 3.848743431008188,
  "csr_block_8_2_1": 3.788374672003556,
  "csr_block_8_4_0.01": 3.7560000130033586,
  "csr_block_8_4_0.1": 3.7749842689954676,
  "csr_block_8_4_0.3": 3.8078166420164052,
  "csr_block_8_4_0.5": 3.8379383379942738,
  "csr_block_8_4_1": 3.9088232000067364,
  "csr_block_8_8_0.01": 3.812328822998097,
  "csr_block_8_8_0.1": 3.7933599190146197,
  "csr_block_8_8_0.3": 3.843891281983815,
  "csr_block_8_8_0.5": 3.9220655680110212,
  "csr_block_8_8_1": 4.084832471009577,
  "csr_block_16_2_0.01": 3.7504261389840394,
  "csr_block_16_2_0.1": 3.7513164409901947,
  "csr_block_16_2_0.3": 3.7534631230228115,
  "csr_block_16_2_0.5": 3.853247122024186,
  "csr_block_16_2_1": 3.765274606004823,
  "csr_block_16_4_0.01": 3.7446443710068706,
  "csr_block_16_4_0.1": 3.7532358480093535,
  "csr_block_16_4_0.3": 3.7628141390159726,
  "csr_block_16_4_0.5": 3.77015603199834,
  "csr_block_16_4_1": 3.7767698370153084,
  "csr_block_16_8_0.01": 3.7513786339841317,
  "csr_block_16_8_0.1": 3.760699875012506,
  "csr_block_16_8_0.3": 3.7742212470038794,
  "csr_block_16_8_0.5": 3.84741502898396,
  "csr_block_16_8_1": 3.8076795309898444,
  "csr_block_32_2_0.01": 3.7467513879819307,
  "csr_block_32_2_0.1": 3.7463613969739527,
  "csr_block_32_2_0.3": 3.8723035540024284,
  "csr_block_32_2_0.5": 3.8720573030004743,
  "csr_block_32_2_1": 3.7482701999833807,
  "csr_block_32_4_0.01": 3.7441740430076607,
  "csr_block_32_4_0.1": 3.7471684900228865,
  "csr_block_32_4_0.3": 3.749137406994123,
  "csr_block_32_4_0.5": 3.749661816022126,
  "csr_block_32_4_1": 3.7524922910088208,
  "csr_block_32_8_0.01": 3.750199190020794,
  "csr_block_32_8_0.1": 3.7486568189924583,
  "csr_block_32_8_0.3": 3.750929678993998,
  "csr_block_32_8_0.5": 3.7606808460259344,
  "csr_block_32_8_1": 3.764723194006365,
  "csr_block_64_2_0.01": 3.743268236023141,
  "csr_block_64_2_0.1": 3.743675665988121,
  "csr_block_64_2_0.3": 3.7991755319817457,
  "csr_block_64_2_0.5": 3.745004835014697,
  "csr_block_64_2_1": 3.7418845889915247,
  "csr_block_64_4_0.01": 3.7440202930010855,
  "csr_block_64_4_0.1": 3.742729599995073,
  "csr_block_64_4_0.3": 3.7428382729995064,
  "csr_block_64_4_0.5": 3.968033484008629,
  "csr_block_64_4_1": 3.7453075429948512,
  "csr_block_64_8_0.01": 3.8370973359851632,
  "csr_block_64_8_0.1": 3.7443813450227026,
  "csr_block_64_8_0.3": 3.7447672330017667,
  "csr_block_64_8_0.5": 3.7472343999834266,
  "csr_block_64_8_1": 3.9773159390024375
}