{
  "mat4d_2_0.01": 0.17707496392540634,
  "mat4d_2_0.1": 0.17671446991153061,
  "mat4d_2_0.3": 0.17667492805048823,
  "mat4d_2_0.5": 0.17661449103616178,
  "mat4d_2_1": 0.17647620011121035,
  "mat4d_4_0.01": 0.36566718108952045,
  "mat4d_4_0.1": 0.3635708438232541,
  "mat4d_4_0.3": 0.36251927190460265,
  "mat4d_4_0.5": 0.36323464498855174,
  "mat4d_4_1": 0.4160188410896808,
  "mat4d_8_0.01": 0.818696309113875,
  "mat4d_8_0.1": 0.818919189972803,
  "mat4d_8_0.3": 0.8191867850255221,
  "mat4d_8_0.5": 0.8176711411215365,
  "mat4d_8_1": 0.8180036451667547,
  "linked_list_2_0.01": 0.24538584798574448,
  "linked_list_2_0.1": 0.3272188240662217,
  "linked_list_2_0.3": 0.5299305240623653,
  "linked_list_2_0.5": 0.6667486820369959,
  "linked_list_2_1": 0.3705421620979905,
  "linked_list_4_0.01": 0.4884554969612509,
  "linked_list_4_0.1": 0.6367409210652113,
  "linked_list_4_0.3": 0.8769819168373942,
  "linked_list_4_0.5": 0.9758468728978187,
  "linked_list_4_1": 0.8133312040008605,
  "linked_list_8_0.01": 0.981294316938147,
  "linked_list_8_0.1": 1.2498786959331483,
  "linked_list_8_0.3": 1.543200763873756,
  "linked_list_8_0.5": 1.7163287529256195,
  "linked_list_8_1": 1.71762626292184,
  "csr_2_0.01": 0.19223425909876823,
  "csr_2_0.1": 0.22156539792194963,
  "csr_2_0.3": 0.2897256340365857,
  "csr_2_0.5": 0.3550053790677339,
  "csr_2_1": 0.2135215199086815,
  "csr_4_0.01": 0.41987338196486235,
  "csr_4_0.1": 0.447408985812217,
  "csr_4_0.3": 0.5166674789506942,
  "csr_4_0.5": 0.5912009528838098,
  "csr_4_1": 0.4615032740402967,
  "csr_8_0.01": 0.9422515190672129,
  "csr_8_0.1": 0.97568458202295,
  "csr_8_0.3": 1.0397449252195656,
  "csr_8_0.5": 1.109724319074303,
  "csr_8_1": 1.0391947580501437
}