{
  "mat3d_2_0.01": 7.088752534007654,
  "mat3d_2_0.1": 7.272433442994952,
  "mat3d_2_0.3": 12.271285007009283,
  "mat3d_2_0.5": 7.928987293038517,
  "mat3d_2_1": 7.068490930949338,
  "mat3d_4_0.01": 9.636194856953807,
  "mat3d_4_0.1": 7.081094573019072,
  "mat3d_4_0.3": 7.09498341800645,
  "mat3d_4_0.5": 7.129583891946822,
  "mat3d_4_1": 7.9697766550816596,
  "mat3d_8_0.01": 7.092672642902471,
  "mat3d_8_0.1": 7.068473532097414,
  "mat3d_8_0.3": 12.11297768203076,
  "mat3d_8_0.5": 7.137171383947134,
  "mat3d_8_1": 7.088553535984829,
  "csr3_2_0.01": 3.9085007929243147,
  "csr3_2_0.1": 3.8748881759820506,
  "csr3_2_0.3": 3.989276336040348,
  "csr3_2_0.5": 4.148918583989143,
  "csr3_2_1": 3.8787990929558873,
  "csr3_4_0.01": 3.862698412965983,
  "csr3_4_0.1": 4.263784180977382,
  "csr3_4_0.3": 4.218319815932773,
  "csr3_4_0.5": 4.545642289915122,
  "csr3_4_1": 4.1960146490018815,
  "csr3_8_0.01": 4.052915956941433,
  "csr3_8_0.1": 4.37582829897292,
  "csr3_8_0.3": 4.761532478034496,
  "csr3_8_0.5": 5.406082224100828,
  "csr3_8_1": 4.747858445974998,
  "csr_block_4_2_0.01": 3.769330490962602,
  "csr_block_4_2_0.1": 4.0142007149988785,
  "csr_block_4_2_0.3": 4.339322909945622,
  "csr_block_4_2_0.5": 4.30738808598835,
  "csr_block_4_2_1": 4.048931444995105,
  "csr_block_4_4_0.01": 3.867410847917199,
  "csr_block_4_4_0.1": 4.300097337923944,
  "csr_block_4_4_0.3": 4.714257768006064,
  "csr_block_4_4_0.5": 4.993873869068921,
  "csr_block_4_4_1": 4.738679587026127,
  "csr_block_4_8_0.01": 3.9717858049552888,
  "csr_block_4_8_0.1": 4.998824103036895,
  "csr_block_4_8_0.3": 5.874578743940219,
  "csr_block_4_8_0.5": 6.38299558009021,
  "csr_block_4_8_1": 6.18902180204168,
  "csr_block_8_2_0.01": 3.8685893210349604,
  "csr_block_8_2_0.1": 4.048334478051402,
  "csr_block_8_2_0.3": 4.219917513080873,
  "csr_block_8_2_0.5": 4.334922024980187,
  "csr_block_8_2_1": 4.122670248965733,
  "csr_block_8_4_0.01": 4.149689038051292,
  "csr_block_8_4_0.1": 4.318411607062444,
  "csr_block_8_4_0.3": 4.6557041010819376,
  "csr_block_8_4_0.5": 4.934591769007966,
  "csr_block_8_4_1": 4.53576925501693,
  "csr_block_8_8_0.01": 4.071181620005518,
  "csr_block_8_8_0.1": 4.931419255910441,
  "csr_block_8_8_0.3": 5.8119330840418115,
  "csr_block_8_8_0.5": 6.2841391490073875,
  "csr_block_8_8_1": 5.805986523046158,
  "csr_block_16_2_0.01": 3.845726064988412,
  "csr_block_16_2_0.1": 4.036990967928432,
  "csr_block_16_2_0.3": 4.196490005939268,
  "csr_block_16_2_0.5": 4.344291460933164,
  "csr_block_16_2_1": 4.117022729013115,
  "csr_block_16_4_0.01": 3.898616853985004,
  "csr_block_16_4_0.1": 4.312047397950664,
  "csr_block_16_4_0.3": 4.644821009016596,
  "csr_block_16_4_0.5": 4.872907627024688,
  "csr_block_16_4_1": 4.485318857943639,
  "csr_block_16_8_0.01": 4.002517931978218,
  "csr_block_16_8_0.1": 4.902144952095114,
  "csr_block_16_8_0.3": 5.6083332219859585,
  "csr_block_16_8_0.5": 6.015279738930985,
  "csr_block_16_8_1": 5.701550991972908,
  "csr_block_64_2_0.01": 3.8940120270708576,
  "csr_block_64_2_0.1": 3.965159857994877,
  "csr_block_64_2_0.3": 4.129040176980197,
  "csr_block_64_2_0.5": 4.2740485719405115,
  "csr_block_64_2_1": 4.012437349068932,
  "csr_block_64_4_0.01": 3.9009651039959863,
  "csr_block_64_4_0.1": 4.13697925908491,
  "csr_block_64_4_0.3": 4.4425402380293235,
  "csr_block_64_4_0.5": 4.724717814009637,
  "csr_block_64_4_1": 4.299447559053078,
  "csr_block_64_8_0.01": 3.9927518470212817,
  "csr_block_64_8_0.1": 4.683178334031254,
  "csr_block_64_8_0.3": 5.143723762943409,
  "csr_block_64_8_0.5": 5.709258617949672,
  "csr_block_64_8_1": 5.141821917030029,
  "csr_block_4_inline_2_0.01": 2.8080888389376923,
  "csr_block_4_inline_2_0.1": 2.837788157048635,
  "csr_block_4_inline_2_0.3": 2.9769991430221125,
  "csr_block_4_inline_2_0.5": 3.911920849001035,
  "csr_block_4_inline_2_1": 2.9953560780268162,
  "csr_block_4_inline_4_0.01": 2.7784743139054626,
  "csr_block_4_inline_4_0.1": 3.332307807984762,
  "csr_block_4_inline_4_0.3": 3.1038088859058917,
  "csr_block_4_inline_4_0.5": 4.527022999012843,
  "csr_block_4_inline_4_1": 3.345376919955015,
  "csr_block_4_inline_8_0.01": 4.249896510969847,
  "csr_block_4_inline_8_0.1": 3.0661480920389295,
  "csr_block_4_inline_8_0.3": 4.582665483932942,
  "csr_block_4_inline_8_0.5": 3.815427024033852,
  "csr_block_4_inline_8_1": 4.5259243990294635,
  "csr_block_8_inline_2_0.01": 2.873285845038481,
  "csr_block_8_inline_2_0.1": 3.7452522930689156,
  "csr_block_8_inline_2_0.3": 2.8892494180472568,
  "csr_block_8_inline_2_0.5": 3.412266453029588,
  "csr_block_8_inline_2_1": 2.9556396909756586,
  "csr_block_8_inline_4_0.01": 3.0710787769639865,
  "csr_block_8_inline_4_0.1": 3.005954961059615,
  "csr_block_8_inline_4_0.3": 3.155699159950018,
  "csr_block_8_inline_4_0.5": 3.26062387204729,
  "csr_block_8_inline_4_1": 3.3603568359976634,
  "csr_block_8_inline_8_0.01": 3.151498871971853,
  "csr_block_8_inline_8_0.1": 3.1523278929525986,
  "csr_block_8_inline_8_0.3": 3.4033900720532984,
  "csr_block_8_inline_8_0.5": 3.704857086064294,
  "csr_block_8_inline_8_1": 4.179909867001697,
  "csr_block_16_inline_2_0.01": 2.786822260939516,
  "csr_block_16_inline_2_0.1": 2.844653330044821,
  "csr_block_16_inline_2_0.3": 2.8868372429860756,
  "csr_block_16_inline_2_0.5": 2.938692146912217,
  "csr_block_16_inline_2_1": 2.960529542993754,
  "csr_block_16_inline_4_0.01": 2.7981480209855363,
  "csr_block_16_inline_4_0.1": 2.8940656590275466,
  "csr_block_16_inline_4_0.3": 3.0257750630844384,
  "csr_block_16_inline_4_0.5": 3.139780473895371,
  "csr_block_16_inline_4_1": 3.2933114928891882,
  "csr_block_16_inline_8_0.01": 2.818667661980726,
  "csr_block_16_inline_8_0.1": 3.020966648007743,
  "csr_block_16_inline_8_0.3": 3.370152632938698,
  "csr_block_16_inline_8_0.5": 3.674298531957902,
  "csr_block_16_inline_8_1": 4.197636267053895,
  "csr_block_64_inline_2_0.01": 2.778621072997339,
  "csr_block_64_inline_2_0.1": 2.8274180190637708,
  "csr_block_64_inline_2_0.3": 2.8781904730712995,
  "csr_block_64_inline_2_0.5": 2.943329755915329,
  "csr_block_64_inline_2_1": 2.951540205045603,
  "csr_block_64_inline_4_0.01": 2.7896634340286255,
  "csr_block_64_inline_4_0.1": 2.8826452429639176,
  "csr_block_64_inline_4_0.3": 3.0096146990545094,
  "csr_block_64_inline_4_0.5": 3.1309627840528265,
  "csr_block_64_inline_4_1": 3.226209319080226,
  "csr_block_64_inline_8_0.01": 2.8137118249433115,
  "csr_block_64_inline_8_0.1": 3.0301881530322134,
  "csr_block_64_inline_8_0.3": 3.326715484028682,
  "csr_block_64_inline_8_0.5": 3.618054279941134,
  "csr_block_64_inline_8_1": 4.019376860931516
}