{
  "mat4d_2_0.01": 0.6302406690083444,
  "mat4d_2_0.1": 0.6332927299663424,
  "mat4d_2_0.3": 0.6285542619880289,
  "mat4d_2_0.5": 0.6310023730620742,
  "mat4d_2_1": 0.6723741421010345,
  "mat4d_4_0.01": 1.3377158441580832,
  "mat4d_4_0.1": 1.338271490065381,
  "mat4d_4_0.3": 1.3380177919752896,
  "mat4d_4_0.5": 1.3354345639236271,
  "mat4d_4_1": 1.337327959947288,
  "mat4d_8_0.01": 3.085208899108693,
  "mat4d_8_0.1": 3.1013520169071853,
  "mat4d_8_0.3": 3.117240467108786,
  "mat4d_8_0.5": 3.093974354909733,
  "mat4d_8_1": 3.225028606830165,
  "linked_list_2_0.01": 0.8524724908638746,
  "linked_list_2_0.1": 1.150562098948285,
  "linked_list_2_0.3": 1.8770726639777422,
  "linked_list_2_0.5": 1.767449582926929,
  "linked_list_2_1": 1.1953802530188113,
  "linked_list_4_0.01": 1.7649912131018937,
  "linked_list_4_0.1": 2.7786010429263115,
  "linked_list_4_0.3": 4.125163479009643,
  "linked_list_4_0.5": 4.631405999884009,
  "linked_list_4_1": 4.051916230004281,
  "linked_list_8_0.01": 3.718047871021554,
  "linked_list_8_0.1": 7.637478342046961,
  "linked_list_8_0.3": 10.53431738796644,
  "linked_list_8_0.5": 13.04132615099661,
  "linked_list_8_1": 12.606406270060688,
  "csr_2_0.01": 0.7244145320728421,
  "csr_2_0.1": 0.8351811869069934,
  "csr_2_0.3": 1.0859088890720159,
  "csr_2_0.5": 1.3495260030031204,
  "csr_2_1": 0.9511819879990071,
  "csr_4_0.01": 1.4354270100593567,
  "csr_4_0.1": 1.6536692399531603,
  "csr_4_0.3": 2.1601230900269,
  "csr_4_0.5": 2.6770531381480396,
  "csr_4_1": 1.8807456779759377,
  "csr_8_0.01": 2.9570274751167744,
  "csr_8_0.1": 3.4338648149278015,
  "csr_8_0.3": 4.612440237076953,
  "csr_8_0.5": 6.340407421113923,
  "csr_8_1": 4.2279146171640605,
  "csr_block_8_2_0.01": 0.7325810461770743,
  "csr_block_8_2_0.1": 0.9162121340632439,
  "csr_block_8_2_0.3": 1.2643317880574614,
  "csr_block_8_2_0.5": 1.818166193086654,
  "csr_block_8_2_1": 1.126550354063511,
  "csr_block_8_4_0.01": 1.4607593989931047,
  "csr_block_8_4_0.1": 1.9363274730276316,
  "csr_block_8_4_0.3": 3.8468881170265377,
  "csr_block_8_4_0.5": 5.270166731905192,
  "csr_block_8_4_1": 3.6962945330888033,
  "csr_block_8_8_0.01": 3.0440535601228476,
  "csr_block_8_8_0.1": 4.743050358025357,
  "csr_block_8_8_0.3": 10.014695562189445,
  "csr_block_8_8_0.5": 13.469285457162187,
  "csr_block_8_8_1": 10.117682862095535,
  "csr_block_16_2_0.01": 0.732637848937884,
  "csr_block_16_2_0.1": 0.8969804930966347,
  "csr_block_16_2_0.3": 1.1798706201370806,
  "csr_block_16_2_0.5": 1.416423609945923,
  "csr_block_16_2_1": 1.2409754830878228,
  "csr_block_16_4_0.01": 1.4561737808398902,
  "csr_block_16_4_0.1": 1.8212139250244945,
  "csr_block_16_4_0.3": 2.2897793049924076,
  "csr_block_16_4_0.5": 3.0806531328707933,
  "csr_block_16_4_1": 2.919206493999809,
  "csr_block_16_8_0.01": 3.015762120950967,
  "csr_block_16_8_0.1": 3.805735166883096,
  "csr_block_16_8_0.3": 5.064862975152209,
  "csr_block_16_8_0.5": 6.749089278979227,
  "csr_block_16_8_1": 7.113173356978223,
  "csr_block_32_2_0.01": 0.7302533029578626,
  "csr_block_32_2_0.1": 0.845474004978314,
  "csr_block_32_2_0.3": 1.0995268600527197,
  "csr_block_32_2_0.5": 1.37946729012765,
  "csr_block_32_2_1": 0.934223550138995,
  "csr_block_32_4_0.01": 1.4473000920843333,
  "csr_block_32_4_0.1": 1.680233177030459,
  "csr_block_32_4_0.3": 2.19436114304699,
  "csr_block_32_4_0.5": 2.7715842809993774,
  "csr_block_32_4_1": 2.00001268601045,
  "csr_block_32_8_0.01": 2.9914463669992983,
  "csr_block_32_8_0.1": 3.706004658015445,
  "csr_block_32_8_0.3": 4.61219512601383,
  "csr_block_32_8_0.5": 5.795476656174287,
  "csr_block_32_8_1": 4.399890209082514,
  "csr_block_64_2_0.01": 0.7265646730083972,
  "csr_block_64_2_0.1": 0.8385627979878336,
  "csr_block_64_2_0.3": 1.098723588977009,
  "csr_block_64_2_0.5": 1.3596113140229136,
  "csr_block_64_2_1": 0.9205946158617735,
  "csr_block_64_4_0.01": 1.4424364210572094,
  "csr_block_64_4_0.1": 1.6616725181229413,
  "csr_block_64_4_0.3": 2.178555757040158,
  "csr_block_64_4_0.5": 2.7049267787951976,
  "csr_block_64_4_1": 1.9586747670546174,
  "csr_block_64_8_0.01": 2.9644535260740668,
  "csr_block_64_8_0.1": 3.495646025054157,
  "csr_block_64_8_0.3": 4.573800325859338,
  "csr_block_64_8_0.5": 5.64531200286001,
  "csr_block_64_8_1": 4.1297138289082795
}