{
  "backus_2_0.01": 0.08010813966393471,
  "backus_2_0.1": 0.3186835302039981,
  "backus_2_0.3": 0.08400976657867432,
  "backus_2_0.5": 0.09613153524696827,
  "backus_2_0.8": 0.10969540197402239,
  "backus_2_1": 0.1220947178080678,
  "backus_4_0.01": 0.28411107789725065,
  "backus_4_0.1": 0.29270885698497295,
  "backus_4_0.3": 0.35734996292740107,
  "backus_4_0.5": 0.5974973402917385,
  "backus_4_0.8": 0.5212894529104233,
  "backus_4_1": 0.5618926230818033,
  "backus_8_0.01": 1.1776157803833485,
  "backus_8_0.1": 1.5140810431912541,
  "backus_8_0.3": 2.017822653055191,
  "backus_8_0.5": 1.4714821744710207,
  "backus_8_0.8": 1.3909070128574967,
  "backus_8_1": 1.465626047924161,
  "leeor4d_2_0.01": 0.406871410086751,
  "leeor4d_2_0.1": 0.4083240469917655,
  "leeor4d_2_0.3": 0.432816113345325,
  "leeor4d_2_0.5": 0.45093580428510904,
  "leeor4d_2_0.8": 0.5787929836660624,
  "leeor4d_2_1": 0.5665399804711342,
  "leeor4d_4_0.01": 1.0904367584735155,
  "leeor4d_4_0.1": 0.9825919046998024,
  "leeor4d_4_0.3": 1.4502643113955855,
  "leeor4d_4_0.5": 1.3935834551230073,
  "leeor4d_4_0.8": 2.7540137683972716,
  "leeor4d_4_1": 1.6047324631363153,
  "leeor4d_8_0.01": 2.3692108541727066,
  "leeor4d_8_0.1": 2.085898619145155,
  "leeor4d_8_0.3": 2.243762350641191,
  "leeor4d_8_0.5": 3.066564698703587,
  "leeor4d_8_0.8": 2.9687438094988465,
  "leeor4d_8_1": 3.9393303068354726,
  "csr_2_0.01": 0.11993194092065096,
  "csr_2_0.1": 0.17258642986416817,
  "csr_2_0.3": 0.07591518294066191,
  "csr_2_0.5": 0.09174135234206915,
  "csr_2_0.8": 0.1881409902125597,
  "csr_2_1": 0.18816437479108572,
  "csr_4_0.01": 0.16700699366629124,
  "csr_4_0.1": 0.18431661557406187,
  "csr_4_0.3": 0.26858649495989084,
  "csr_4_0.5": 0.34810894820839167,
  "csr_4_0.8": 0.4789880411699414,
  "csr_4_1": 1.097249229438603,
  "csr_8_0.01": 0.5374079002067447,
  "csr_8_0.1": 0.6939473608508706,
  "csr_8_0.3": 0.9810345312580466,
  "csr_8_0.5": 1.2895549070090055,
  "csr_8_0.8": 1.7566228322684765,
  "csr_8_1": 2.0763778695836663
}