{
  "backus_2_0.01": 0.047854955308139324,
  "backus_2_0.1": 0.06421997305005789,
  "backus_2_0.3": 0.06712700240314007,
  "backus_2_0.5": 0.06768261175602674,
  "backus_2_0.8": 0.08043978828936815,
  "backus_2_1": 0.08977126516401768,
  "backus_4_0.01": 0.21493938472121954,
  "backus_4_0.1": 0.21738251857459545,
  "backus_4_0.3": 0.2375452844426036,
  "backus_4_0.5": 0.27322423830628395,
  "backus_4_0.8": 1.051058642566204,
  "backus_4_1": 0.9579167617484927,
  "backus_8_0.01": 1.5629803091287613,
  "backus_8_0.1": 0.9781896788626909,
  "backus_8_0.3": 1.1447330163791776,
  "backus_8_0.5": 1.1319841668009758,
  "backus_8_0.8": 1.33429591730237,
  "backus_8_1": 1.484064213000238,
  "mat4d_2_0.01": 0.2289161253720522,
  "mat4d_2_0.1": 0.24434458930045366,
  "mat4d_2_0.3": 0.2958449497818947,
  "mat4d_2_0.5": 0.33236463367938995,
  "mat4d_2_0.8": 0.40319995302706957,
  "mat4d_2_1": 0.43604703806340694,
  "mat4d_4_0.01": 0.6509889326989651,
  "mat4d_4_0.1": 0.670087156817317,
  "mat4d_4_0.3": 0.781174348667264,
  "mat4d_4_0.5": 0.8128544930368662,
  "mat4d_4_0.8": 0.9241727907210588,
  "mat4d_4_1": 0.993486980907619,
  "mat4d_8_0.01": 1.4979382054880261,
  "mat4d_8_0.1": 1.575958389788866,
  "mat4d_8_0.3": 1.8227594252675772,
  "mat4d_8_0.5": 2.0197969675064087,
  "mat4d_8_0.8": 2.4657182870432734,
  "mat4d_8_1": 3.405716731213033,
  "leeor4d_2_0.01": 0.3926171185448766,
  "leeor4d_2_0.1": 0.3881602706387639,
  "leeor4d_2_0.3": 0.472668900154531,
  "leeor4d_2_0.5": 0.6489433664828539,
  "leeor4d_2_0.8": 0.9364401753991842,
  "leeor4d_2_1": 0.7484601829200983,
  "leeor4d_4_0.01": 0.7419651234522462,
  "leeor4d_4_0.1": 0.8278896026313305,
  "leeor4d_4_0.3": 1.082567566074431,
  "leeor4d_4_0.5": 1.1870094574987888,
  "leeor4d_4_0.8": 1.5206872895359993,
  "leeor4d_4_1": 2.087621282786131,
  "leeor4d_8_0.01": 1.4191558081656694,
  "leeor4d_8_0.1": 1.6355679957196116,
  "leeor4d_8_0.3": 2.196877993643284,
  "leeor4d_8_0.5": 2.7881954489275813,
  "leeor4d_8_0.8": 10.089310347102582,
  "leeor4d_8_1": 29.63376700412482,
  "csr_2_0.01": 0.4250548454001546,
  "csr_2_0.1": 0.4380205264315009,
  "csr_2_0.3": 0.5065276203677058,
  "csr_2_0.5": 0.5061782905831933,
  "csr_2_0.8": 1.3208903521299362,
  "csr_2_1": 0.5471652112901211,
  "csr_4_0.01": 0.6475724838674068,
  "csr_4_0.1": 0.8071018103510141,
  "csr_4_0.3": 0.7809699578210711,
  "csr_4_0.5": 0.9850182505324483,
  "csr_4_0.8": 1.0862157894298434,
  "csr_4_1": 1.145636124536395,
  "csr_8_0.01": 1.526302951388061,
  "csr_8_0.1": 1.7469950383529067,
  "csr_8_0.3": 1.9520871248096228,
  "csr_8_0.5": 2.17567368876189,
  "csr_8_0.8": 4.898844731040299,
  "csr_8_1": 2.8306564381346107
}