{
  "backus_2_0.01": 0.04769511613994837,
  "backus_2_0.1": 0.05136848706752062,
  "backus_2_0.3": 0.06130446586757898,
  "backus_2_0.5": 0.06763280183076859,
  "backus_2_0.8": 0.09288093261420727,
  "backus_2_1": 0.09515104163438082,
  "backus_4_0.01": 0.18919622339308262,
  "backus_4_0.1": 0.20522408932447433,
  "backus_4_0.3": 0.23738536797463894,
  "backus_4_0.5": 0.26896821800619364,
  "backus_4_0.8": 0.32009894493967295,
  "backus_4_1": 0.3508516885340214,
  "backus_8_0.01": 0.7752462411299348,
  "backus_8_0.1": 0.8317138813436031,
  "backus_8_0.3": 0.9656326780095696,
  "backus_8_0.5": 1.1927271001040936,
  "backus_8_0.8": 1.3105446612462401,
  "backus_8_1": 1.4688668698072433,
  "mat4d_2_0.01": 0.2580935889855027,
  "mat4d_2_0.1": 0.26693201158195734,
  "mat4d_2_0.3": 0.257872661575675,
  "mat4d_2_0.5": 0.2583821238949895,
  "mat4d_2_0.8": 0.2557781646028161,
  "mat4d_2_1": 0.2682834789156914,
  "mat4d_4_0.01": 0.6275423029437661,
  "mat4d_4_0.1": 0.5659222416579723,
  "mat4d_4_0.3": 0.6478442111983895,
  "mat4d_4_0.5": 0.5614826045930386,
  "mat4d_4_0.8": 0.5629618288949132,
  "mat4d_4_1": 0.5708404080942273,
  "mat4d_8_0.01": 1.553449205122888,
  "mat4d_8_0.1": 1.5904104048386216,
  "mat4d_8_0.3": 1.5623269826173782,
  "mat4d_8_0.5": 1.5780236776918173,
  "mat4d_8_0.8": 1.570811938494444,
  "mat4d_8_1": 1.6612280178815126,
  "leeor4d_2_0.01": 0.4498753882944584,
  "leeor4d_2_0.1": 0.41459127236157656,
  "leeor4d_2_0.3": 0.4371355241164565,
  "leeor4d_2_0.5": 0.5371845616027713,
  "leeor4d_2_0.8": 0.48932540230453014,
  "leeor4d_2_1": 0.5237280838191509,
  "leeor4d_4_0.01": 0.9834964191541076,
  "leeor4d_4_0.1": 1.5193971265107393,
  "leeor4d_4_0.3": 1.1968965772539377,
  "leeor4d_4_0.5": 1.0873239571228623,
  "leeor4d_4_0.8": 1.145041225478053,
  "leeor4d_4_1": 1.1974985292181373,
  "leeor4d_8_0.01": 2.1441849609836936,
  "leeor4d_8_0.1": 2.2951708789914846,
  "leeor4d_8_0.3": 2.371264851652086,
  "leeor4d_8_0.5": 2.5942999916151166,
  "leeor4d_8_0.8": 2.8669221587479115,
  "leeor4d_8_1": 3.2663878044113517,
  "csr_2_0.01": 0.3065233612433076,
  "csr_2_0.1": 0.3121451800689101,
  "csr_2_0.3": 0.32639504317194223,
  "csr_2_0.5": 0.34456694032996893,
  "csr_2_0.8": 0.3629159387201071,
  "csr_2_1": 0.39763348177075386,
  "csr_4_0.01": 0.6366642871871591,
  "csr_4_0.1": 0.6559731708839536,
  "csr_4_0.3": 0.702822633087635,
  "csr_4_0.5": 0.7396278008818626,
  "csr_4_0.8": 0.8137027276679873,
  "csr_4_1": 0.872230539098382,
  "csr_8_0.01": 1.6257914612069726,
  "csr_8_0.1": 1.5305062709376216,
  "csr_8_0.3": 1.7199721317738295,
  "csr_8_0.5": 1.9874447146430612,
  "csr_8_0.8": 2.2529639126732945,
  "csr_8_1": 2.838578906841576
}