{
  "backus_2_0.01": 0.04888658877462149,
  "backus_2_0.1": 0.052325003780424595,
  "backus_2_0.3": 0.06450047623366117,
  "backus_2_0.4": 0.06925393547862768,
  "backus_2_0.5": 0.06933563109487295,
  "backus_2_0.6": 0.2265409780666232,
  "backus_4_0.01": 0.24144191201776266,
  "backus_4_0.1": 0.2063389988616109,
  "backus_4_0.3": 0.24159033130854368,
  "backus_4_0.4": 0.28531418833881617,
  "backus_4_0.5": 0.6828551245853305,
  "backus_4_0.6": 0.32427165377885103,
  "backus_8_0.01": 1.2759217331185937,
  "backus_8_0.1": 0.8616787977516651,
  "backus_8_0.3": 0.9923212388530374,
  "backus_8_0.4": 1.1191116701811552,
  "backus_8_0.5": 1.8689623242244124,
  "backus_8_0.6": 1.1861867504194379,
  "leeor4d_2_0.01": 0.5763265965506434,
  "leeor4d_2_0.1": 0.42513525392860174,
  "leeor4d_2_0.3": 0.4446524353697896,
  "leeor4d_2_0.4": 0.44726304430514574,
  "leeor4d_2_0.5": 0.4613768048584461,
  "leeor4d_2_0.6": 0.5431281495839357,
  "leeor4d_4_0.01": 0.9945915630087256,
  "leeor4d_4_0.1": 0.9674732033163309,
  "leeor4d_4_0.3": 1.0208568004891276,
  "leeor4d_4_0.4": 1.129348843358457,
  "leeor4d_4_0.5": 1.3087975177913904,
  "leeor4d_4_0.6": 1.4025747124105692,
  "leeor4d_8_0.01": 2.292164169251919,
  "leeor4d_8_0.1": 2.3153920974582434,
  "leeor4d_8_0.3": 2.585664060898125,
  "leeor4d_8_0.4": 2.567458647303283,
  "leeor4d_8_0.5": 2.6656116284430027,
  "leeor4d_8_0.6": 3.3606149153783917,
  "csr_2_0.01": 0.06893118470907211,
  "csr_2_0.1": 0.05955646373331547,
  "csr_2_0.3": 0.07410678453743458,
  "csr_2_0.4": 0.082267289981246,
  "csr_2_0.5": 0.08968966919928789,
  "csr_2_0.6": 0.12148512806743383,
  "csr_4_0.01": 0.1527458094060421,
  "csr_4_0.1": 0.18825598526746035,
  "csr_4_0.3": 0.2542046308517456,
  "csr_4_0.4": 0.2846899125725031,
  "csr_4_0.5": 0.3266384834423661,
  "csr_4_0.6": 0.3600835455581546,
  "csr_8_0.01": 0.521058551967144,
  "csr_8_0.1": 0.6534051205962896,
  "csr_8_0.3": 0.9512895559892058,
  "csr_8_0.4": 1.0877629909664392,
  "csr_8_0.5": 1.2441199971362948,
  "csr_8_0.6": 1.5498226592317224,
  "csr_pure_2_0.01": 0.05804172810167074,
  "csr_pure_2_0.1": 0.059359051287174225,
  "csr_pure_2_0.3": 0.07452783733606339,
  "csr_pure_2_0.4": 0.08346839156001806,
  "csr_pure_2_0.5": 0.08998710475862026,
  "csr_pure_2_0.6": 0.10437073651701212,
  "csr_pure_4_0.01": 0.25069343391805887,
  "csr_pure_4_0.1": 0.18296266347169876,
  "csr_pure_4_0.3": 0.2542130881920457,
  "csr_pure_4_0.4": 0.3029888868331909,
  "csr_pure_4_0.5": 0.3278302727267146,
  "csr_pure_4_0.6": 0.41500018164515495,
  "csr_pure_8_0.01": 0.6112404949963093,
  "csr_pure_8_0.1": 1.0450763953849673,
  "csr_pure_8_0.3": 1.343877738341689,
  "csr_pure_8_0.4": 1.235712394118309,
  "csr_pure_8_0.5": 1.286761423572898,
  "csr_pure_8_0.6": 1.4124736646190286,
  "csr_update_pure_2_0.01": 0.18269577901810408,
  "csr_update_pure_2_0.1": 0.1569866370409727,
  "csr_update_pure_2_0.3": 0.18451207038015127,
  "csr_update_pure_2_0.4": 0.17839957028627396,
  "csr_update_pure_2_0.5": 0.20114511251449585,
  "csr_update_pure_2_0.6": 0.2438463056460023,
  "csr_update_pure_4_0.01": 0.3334772000089288,
  "csr_update_pure_4_0.1": 0.3846667408943176,
  "csr_update_pure_4_0.3": 0.40837704576551914,
  "csr_update_pure_4_0.4": 0.7621918730437756,
  "csr_update_pure_4_0.5": 0.7042633863165975,
  "csr_update_pure_4_0.6": 0.4948449721559882,
  "csr_update_pure_8_0.01": 0.809194453060627,
  "csr_update_pure_8_0.1": 0.9980168817564845,
  "csr_update_pure_8_0.3": 1.2830339288339019,
  "csr_update_pure_8_0.4": 1.4153043795377016,
  "csr_update_pure_8_0.5": 1.4701245734468102,
  "csr_update_pure_8_0.6": 1.6249180799350142
}