{
  "mat4d_2_0.01": 1.1439745710231364,
  "mat4d_2_0.1": 1.1417101109400392,
  "mat4d_2_0.3": 1.1420710580423474,
  "mat4d_2_0.5": 1.142065071966499,
  "mat4d_2_1": 1.1416594460606575,
  "mat4d_4_0.01": 2.219767651055008,
  "mat4d_4_0.1": 2.2181840899866074,
  "mat4d_4_0.3": 2.218232389073819,
  "mat4d_4_0.5": 2.218344878172502,
  "mat4d_4_1": 2.536993228131905,
  "mat4d_8_0.01": 4.495279499795288,
  "mat4d_8_0.1": 4.4954986309167,
  "mat4d_8_0.3": 4.498426232952625,
  "mat4d_8_0.5": 4.494400108931586,
  "mat4d_8_1": 4.501286434940994,
  "linked_list_2_0.01": 1.4530319599434733,
  "linked_list_2_0.1": 2.013259377097711,
  "linked_list_2_0.3": 3.2751738170627505,
  "linked_list_2_0.5": 3.4558670669794083,
  "linked_list_2_1": 1.7190527750644833,
  "linked_list_4_0.01": 3.0046441990416497,
  "linked_list_4_0.1": 4.05023576784879,
  "linked_list_4_0.3": 5.176628004992381,
  "linked_list_4_0.5": 5.6080260830931365,
  "linked_list_4_1": 3.6652355529367924,
  "linked_list_8_0.01": 5.732421796070412,
  "linked_list_8_0.1": 7.085504300892353,
  "linked_list_8_0.3": 8.252731384942308,
  "linked_list_8_0.5": 8.933556461008266,
  "linked_list_8_1": 7.079270396847278,
  "csr_2_0.01": 1.2736610281281173,
  "csr_2_0.1": 1.4548378041945398,
  "csr_2_0.3": 1.9557293630205095,
  "csr_2_0.5": 2.416444443864748,
  "csr_2_1": 1.3698980349581689,
  "csr_4_0.01": 2.4688023910857737,
  "csr_4_0.1": 2.69144848594442,
  "csr_4_0.3": 3.177868864964694,
  "csr_4_0.5": 3.6702480879612267,
  "csr_4_1": 2.56558663607575,
  "csr_8_0.01": 5.011249439092353,
  "csr_8_0.1": 5.200368097051978,
  "csr_8_0.3": 5.672555688070133,
  "csr_8_0.5": 6.072073393967003,
  "csr_8_1": 5.6795595940202475
}