{
  "mat3d_2_0.01": 4.892176867986564,
  "mat3d_2_0.1": 4.8839885200141,
  "mat3d_2_0.3": 4.950740532018244,
  "mat3d_2_0.5": 4.889226115017664,
  "mat3d_2_1": 4.8839884790359065,
  "mat3d_4_0.01": 4.890019598999061,
  "mat3d_4_0.1": 4.884644828969613,
  "mat3d_4_0.3": 4.88296076800907,
  "mat3d_4_0.5": 4.8838717070175335,
  "mat3d_4_1": 4.884171997953672,
  "mat3d_8_0.01": 4.884114905027673,
  "mat3d_8_0.1": 4.883766899991315,
  "mat3d_8_0.3": 5.295890818000771,
  "mat3d_8_0.5": 4.882961690018419,
  "mat3d_8_1": 4.883966350986157,
  "linked_list_2_0.01": 16.211842875985894,
  "linked_list_2_0.1": 17.29419751104433,
  "linked_list_2_0.3": 20.13059387099929,
  "linked_list_2_0.5": 22.814788095012773,
  "linked_list_2_1": 26.52145819598809,
  "linked_list_4_0.01": 16.34326414001407,
  "linked_list_4_0.1": 18.380832188995555,
  "linked_list_4_0.3": 23.417093627038412,
  "linked_list_4_0.5": 28.144522866001353,
  "linked_list_4_1": 36.29120502498699,
  "linked_list_8_0.01": 16.5261625390267,
  "linked_list_8_0.1": 20.395080321992282,
  "linked_list_8_0.3": 30.93262825498823,
  "linked_list_8_0.5": 42.27960146300029,
  "linked_list_8_1": 54.882777808990795,
  "csr_2_0.01": 6.017600941006094,
  "csr_2_0.1": 6.22310025600018,
  "csr_2_0.3": 6.501998007996008,
  "csr_2_0.5": 6.653881521022413,
  "csr_2_1": 6.211915561987553,
  "csr_4_0.01": 6.02036818099441,
  "csr_4_0.1": 6.205656348960474,
  "csr_4_0.3": 6.546791433996987,
  "csr_4_0.5": 7.220861652982421,
  "csr_4_1": 6.4523673970252275,
  "csr_8_0.01": 6.026226711983327,
  "csr_8_0.1": 6.262673744990025,
  "csr_8_0.3": 6.637217063980643,
  "csr_8_0.5": 6.817069289041683,
  "csr_8_1": 6.7589165779645555
}