{
  "mat3d_2_0.01": 4.889107625989709,
  "mat3d_2_0.1": 4.881521267001517,
  "mat3d_2_0.3": 4.881533460022183,
  "mat3d_2_0.5": 4.880215466982918,
  "mat3d_2_1": 5.40979469899321,
  "mat3d_4_0.01": 4.881233649008209,
  "mat3d_4_0.1": 4.881882936984766,
  "mat3d_4_0.3": 4.881420901976526,
  "mat3d_4_0.5": 4.881178705021739,
  "mat3d_4_1": 5.558221326005878,
  "mat3d_8_0.01": 4.9090590399864595,
  "mat3d_8_0.1": 5.533182509010658,
  "mat3d_8_0.3": 4.887850658997195,
  "mat3d_8_0.5": 5.651840509002795,
  "mat3d_8_1": 4.8884052080102265,
  "linked_list_2_0.01": 16.210185092990287,
  "linked_list_2_0.1": 17.269592368014855,
  "linked_list_2_0.3": 21.113773278018925,
  "linked_list_2_0.5": 22.7527393399796,
  "linked_list_2_1": 26.484572543005925,
  "linked_list_4_0.01": 16.31559254898457,
  "linked_list_4_0.1": 18.37344619599753,
  "linked_list_4_0.3": 23.379352885996923,
  "linked_list_4_0.5": 28.35903308299021,
  "linked_list_4_1": 36.17490793101024,
  "linked_list_8_0.01": 16.512964534020284,
  "linked_list_8_0.1": 20.351292851002654,
  "linked_list_8_0.3": 31.01920738699846,
  "linked_list_8_0.5": 42.40236730600009,
  "linked_list_8_1": 54.76583192500402,
  "csr_2_0.01": 6.016600634000497,
  "csr_2_0.1": 6.220181397977285,
  "csr_2_0.3": 6.483612365002045,
  "csr_2_0.5": 6.652474950009491,
  "csr_2_1": 6.2135642869980074,
  "csr_4_0.01": 6.016296174027957,
  "csr_4_0.1": 6.200613641005475,
  "csr_4_0.3": 6.685218284022994,
  "csr_4_0.5": 6.761105812998721,
  "csr_4_1": 6.451602687011473,
  "csr_8_0.01": 6.024075272027403,
  "csr_8_0.1": 6.26480054599233,
  "csr_8_0.3": 6.63722180298646,
  "csr_8_0.5": 6.820350513997255,
  "csr_8_1": 6.592669637990184,
  "csr_block_8_2_0.01": 5.984936433000257,
  "csr_block_8_2_0.1": 5.993491944012931,
  "csr_block_8_2_0.3": 6.00666496399208,
  "csr_block_8_2_0.5": 6.016556222981308,
  "csr_block_8_2_1": 6.015484628005652,
  "csr_block_8_4_0.01": 5.983438877010485,
  "csr_block_8_4_0.1": 5.994521382992389,
  "csr_block_8_4_0.3": 6.009668721002527,
  "csr_block_8_4_0.5": 6.020719420019304,
  "csr_block_8_4_1": 6.023225696990266,
  "csr_block_8_8_0.01": 5.986164439003915,
  "csr_block_8_8_0.1": 5.993050438002683,
  "csr_block_8_8_0.3": 6.008837266010232,
  "csr_block_8_8_0.5": 6.022250123001868,
  "csr_block_8_8_1": 6.030077878996963,
  "csr_block_16_2_0.01": 5.994817797007272,
  "csr_block_16_2_0.1": 5.964558881998528,
  "csr_block_16_2_0.3": 5.965582339005778,
  "csr_block_16_2_0.5": 5.9756005450035445,
  "csr_block_16_2_1": 5.967786160996184,
  "csr_block_16_4_0.01": 5.962770795013057,
  "csr_block_16_4_0.1": 5.966214220999973,
  "csr_block_16_4_0.3": 5.966783164010849,
  "csr_block_16_4_0.5": 5.968152223009383,
  "csr_block_16_4_1": 5.969185265013948,
  "csr_block_16_8_0.01": 5.963601653027581,
  "csr_block_16_8_0.1": 5.963849588006269,
  "csr_block_16_8_0.3": 5.965441521984758,
  "csr_block_16_8_0.5": 5.967660669994075,
  "csr_block_16_8_1": 5.969001654011663,
  "csr_block_32_2_0.01": 5.951576032995945,
  "csr_block_32_2_0.1": 5.953549132973421,
  "csr_block_32_2_0.3": 5.9634886760031804,
  "csr_block_32_2_0.5": 5.970582387992181,
  "csr_block_32_2_1": 5.951974083989626,
  "csr_block_32_4_0.01": 5.952979865978705,
  "csr_block_32_4_0.1": 5.9844537310127635,
  "csr_block_32_4_0.3": 5.952218992984854,
  "csr_block_32_4_0.5": 5.95259770800476,
  "csr_block_32_4_1": 5.928527050011326,
  "csr_block_32_8_0.01": 5.951858158019604,
  "csr_block_32_8_0.1": 5.953180704993429,
  "csr_block_32_8_0.3": 5.95440615399275,
  "csr_block_32_8_0.5": 5.963127064984292,
  "csr_block_32_8_1": 5.953214098000899,
  "csr_block_64_2_0.01": 5.949138049007161,
  "csr_block_64_2_0.1": 5.9496614759846125,
  "csr_block_64_2_0.3": 5.856385978026083,
  "csr_block_64_2_0.5": 5.951895017991774,
  "csr_block_64_2_1": 5.951838114007842,
  "csr_block_64_4_0.01": 5.923204467981122,
  "csr_block_64_4_0.1": 5.951266373012913,
  "csr_block_64_4_0.3": 5.950930136023089,
  "csr_block_64_4_0.5": 5.851262476993725,
  "csr_block_64_4_1": 5.951721677003661,
  "csr_block_64_8_0.01": 5.951777869020589,
  "csr_block_64_8_0.1": 5.981473500985885,
  "csr_block_64_8_0.3": 5.950262185011525,
  "csr_block_64_8_0.5": 6.001891723019071,
  "csr_block_64_8_1": 5.938337189989397
}