{
  "backus_2_0.01": 0.02972318697720766,
  "backus_2_0.1": 0.029600470326840878,
  "backus_2_0.3": 0.03624751511961222,
  "backus_2_0.4": 0.03177417255938053,
  "backus_2_0.5": 0.033600407652556896,
  "backus_2_0.6": 0.04534253105521202,
  "backus_4_0.01": 0.057049281895160675,
  "backus_4_0.1": 0.07052956335246563,
  "backus_4_0.3": 0.06522947642952204,
  "backus_4_0.4": 0.10764964949339628,
  "backus_4_0.5": 0.07819428853690624,
  "backus_4_0.6": 0.06975874584168196,
  "backus_8_0.01": 0.11026448756456375,
  "backus_8_0.1": 0.11720606591552496,
  "backus_8_0.3": 0.13308047503232956,
  "backus_8_0.4": 0.14112279564142227,
  "backus_8_0.5": 0.17565505113452673,
  "backus_8_0.6": 0.1562802493572235,
  "leeor4d_2_0.01": 0.2628272697329521,
  "leeor4d_2_0.1": 0.2529552588239312,
  "leeor4d_2_0.3": 0.2691966434940696,
  "leeor4d_2_0.4": 0.27823054511100054,
  "leeor4d_2_0.5": 0.2925158878788352,
  "leeor4d_2_0.6": 0.30992619693279266,
  "leeor4d_4_0.01": 0.3870962196961045,
  "leeor4d_4_0.1": 0.3975600590929389,
  "leeor4d_4_0.3": 0.43523180950433016,
  "leeor4d_4_0.4": 0.5077342055737972,
  "leeor4d_4_0.5": 0.5068147601559758,
  "leeor4d_4_0.6": 0.49034373462200165,
  "leeor4d_8_0.01": 0.6409194581210613,
  "leeor4d_8_0.1": 0.7072700066491961,
  "leeor4d_8_0.3": 0.7073806561529636,
  "leeor4d_8_0.4": 0.7704319432377815,
  "leeor4d_8_0.5": 0.7489893510937691,
  "leeor4d_8_0.6": 0.7689407160505652,
  "csr_2_0.01": 0.11636834125965834,
  "csr_2_0.1": 0.11654628720134497,
  "csr_2_0.3": 0.12821157276630402,
  "csr_2_0.4": 0.13356554973870516,
  "csr_2_0.5": 0.1393146775662899,
  "csr_2_0.6": 0.16573219746351242,
  "csr_4_0.01": 0.15781862381845713,
  "csr_4_0.1": 0.1701361434534192,
  "csr_4_0.3": 0.19504789635539055,
  "csr_4_0.4": 0.20516439527273178,
  "csr_4_0.5": 0.21443727519363165,
  "csr_4_0.6": 0.22968951426446438,
  "csr_8_0.01": 0.2759623061865568,
  "csr_8_0.1": 0.2947119250893593,
  "csr_8_0.3": 0.34650114737451077,
  "csr_8_0.4": 0.3693429436534643,
  "csr_8_0.5": 0.4001409253105521,
  "csr_8_0.6": 0.4959619836881757,
  "csr_pure_2_0.01": 0.08713649772107601,
  "csr_pure_2_0.1": 0.09067056700587273,
  "csr_pure_2_0.3": 0.1018079100176692,
  "csr_pure_2_0.4": 0.10852526780217886,
  "csr_pure_2_0.5": 0.11343462951481342,
  "csr_pure_2_0.6": 0.11945159174501896,
  "csr_pure_4_0.01": 0.15190178621560335,
  "csr_pure_4_0.1": 0.1598990149796009,
  "csr_pure_4_0.3": 0.18014774098992348,
  "csr_pure_4_0.4": 0.19212776515632868,
  "csr_pure_4_0.5": 0.25340940058231354,
  "csr_pure_4_0.6": 0.2221271889284253,
  "csr_pure_8_0.01": 0.3563450975343585,
  "csr_pure_8_0.1": 0.35513877868652344,
  "csr_pure_8_0.3": 0.41967607475817204,
  "csr_pure_8_0.4": 0.41101283486932516,
  "csr_pure_8_0.5": 0.4069316554814577,
  "csr_pure_8_0.6": 0.5220246436074376,
  "csr_update_pure_2_0.01": 0.3744139391928911,
  "csr_update_pure_2_0.1": 0.377695937640965,
  "csr_update_pure_2_0.3": 0.3949397960677743,
  "csr_update_pure_2_0.4": 0.40968441404402256,
  "csr_update_pure_2_0.5": 0.4217646596953273,
  "csr_update_pure_2_0.6": 0.4159990940243006,
  "csr_update_pure_4_0.01": 0.7272935966029763,
  "csr_update_pure_4_0.1": 0.7755642933771014,
  "csr_update_pure_4_0.3": 0.7776830000802875,
  "csr_update_pure_4_0.4": 1.0163256153464317,
  "csr_update_pure_4_0.5": 1.0894436854869127,
  "csr_update_pure_4_0.6": 0.8417674619704485,
  "csr_update_pure_8_0.01": 1.487044170498848,
  "csr_update_pure_8_0.1": 1.5231362087652087,
  "csr_update_pure_8_0.3": 1.6019944353029132,
  "csr_update_pure_8_0.4": 1.643576417118311,
  "csr_update_pure_8_0.5": 1.6869290927425027,
  "csr_update_pure_8_0.6": 2.04182736761868
}