{
  "mat3d_2_0.01": 3.5773257149849087,
  "mat3d_2_0.1": 3.5561746889725327,
  "mat3d_2_0.3": 3.70015967998188,
  "mat3d_2_0.5": 3.5355010150233284,
  "mat3d_2_1": 3.5208174620056525,
  "mat3d_4_0.01": 3.6982399669941515,
  "mat3d_4_0.1": 3.6070746700279415,
  "mat3d_4_0.3": 3.5782795681152493,
  "mat3d_4_0.5": 3.718418139964342,
  "mat3d_4_1": 3.5517643589992076,
  "mat3d_8_0.01": 3.547987416968681,
  "mat3d_8_0.1": 3.5320405330276117,
  "mat3d_8_0.3": 3.643350934027694,
  "mat3d_8_0.5": 3.6312523699598387,
  "mat3d_8_1": 3.6268392460187897,
  "csr3_2_0.01": 6.028402767027728,
  "csr3_2_0.1": 6.178960380028002,
  "csr3_2_0.3": 6.462909655994736,
  "csr3_2_0.5": 6.64292889891658,
  "csr3_2_1": 6.234866671031341,
  "csr3_4_0.01": 6.029625394963659,
  "csr3_4_0.1": 6.1504286179551855,
  "csr3_4_0.3": 6.53724695101846,
  "csr3_4_0.5": 6.759754303959198,
  "csr3_4_1": 6.427150700008497,
  "csr3_8_0.01": 6.0431906550657,
  "csr3_8_0.1": 6.267884289030917,
  "csr3_8_0.3": 6.635282650939189,
  "csr3_8_0.5": 6.825491935014725,
  "csr3_8_1": 6.592735750018619,
  "csr_block_4_2_0.01": 6.000134748057462,
  "csr_block_4_2_0.1": 6.1553958429722115,
  "csr_block_4_2_0.3": 6.57480644795578,
  "csr_block_4_2_0.5": 6.652677366044372,
  "csr_block_4_2_1": 6.228637962951325,
  "csr_block_4_4_0.01": 5.99907118990086,
  "csr_block_4_4_0.1": 6.183768487069756,
  "csr_block_4_4_0.3": 6.521635771961883,
  "csr_block_4_4_0.5": 6.8118722409708425,
  "csr_block_4_4_1": 6.450538047007285,
  "csr_block_4_8_0.01": 6.012928285985254,
  "csr_block_4_8_0.1": 6.285675906925462,
  "csr_block_4_8_0.3": 6.620020730071701,
  "csr_block_4_8_0.5": 6.8267037709010765,
  "csr_block_4_8_1": 6.742760521010496,
  "csr_block_8_2_0.01": 6.0272514909738675,
  "csr_block_8_2_0.1": 6.161390541004948,
  "csr_block_8_2_0.3": 6.479499088949524,
  "csr_block_8_2_0.5": 6.660639220033772,
  "csr_block_8_2_1": 6.297674652072601,
  "csr_block_8_4_0.01": 5.92949877306819,
  "csr_block_8_4_0.1": 6.220905427006073,
  "csr_block_8_4_0.3": 6.557633530115709,
  "csr_block_8_4_0.5": 6.775338887004182,
  "csr_block_8_4_1": 6.5393847830127925,
  "csr_block_8_8_0.01": 6.034448309917934,
  "csr_block_8_8_0.1": 6.286068346002139,
  "csr_block_8_8_0.3": 6.660551075008698,
  "csr_block_8_8_0.5": 6.8459272250765935,
  "csr_block_8_8_1": 6.734359011985362,
  "csr_block_16_2_0.01": 6.065270117018372,
  "csr_block_16_2_0.1": 6.192493710899726,
  "csr_block_16_2_0.3": 6.466211697901599,
  "csr_block_16_2_0.5": 6.644623644067906,
  "csr_block_16_2_1": 6.26916098210495,
  "csr_block_16_4_0.01": 6.051273057004437,
  "csr_block_16_4_0.1": 6.2191421110183,
  "csr_block_16_4_0.3": 6.542137018055655,
  "csr_block_16_4_0.5": 6.754331540083513,
  "csr_block_16_4_1": 6.45565657003317,
  "csr_block_16_8_0.01": 6.052101523964666,
  "csr_block_16_8_0.1": 6.642502986942418,
  "csr_block_16_8_0.3": 6.64668898191303,
  "csr_block_16_8_0.5": 6.820514017948881,
  "csr_block_16_8_1": 6.6507597459713,
  "csr_block_64_2_0.01": 6.017295530997217,
  "csr_block_64_2_0.1": 6.1647603150922805,
  "csr_block_64_2_0.3": 6.452871190966107,
  "csr_block_64_2_0.5": 6.6253162319771945,
  "csr_block_64_2_1": 6.214927972992882,
  "csr_block_64_4_0.01": 6.013884546002373,
  "csr_block_64_4_0.1": 6.192665392998606,
  "csr_block_64_4_0.3": 6.530086394050159,
  "csr_block_64_4_0.5": 6.741085043991916,
  "csr_block_64_4_1": 6.421745819970965,
  "csr_block_64_8_0.01": 6.015731893014163,
  "csr_block_64_8_0.1": 6.251054554013535,
  "csr_block_64_8_0.3": 6.619223348097876,
  "csr_block_64_8_0.5": 6.8030210240976885,
  "csr_block_64_8_1": 6.585337298922241,
  "csr_block_4_inline_2_0.01": 2.1518646279582754,
  "csr_block_4_inline_2_0.1": 2.2953845500014722,
  "csr_block_4_inline_2_0.3": 2.5464471039595082,
  "csr_block_4_inline_2_0.5": 2.768522039987147,
  "csr_block_4_inline_2_1": 2.131859987974167,
  "csr_block_4_inline_4_0.01": 2.1535577590111643,
  "csr_block_4_inline_4_0.1": 2.3312630460131913,
  "csr_block_4_inline_4_0.3": 2.5047291381051764,
  "csr_block_4_inline_4_0.5": 2.5496078729629517,
  "csr_block_4_inline_4_1": 2.1926391730085015,
  "csr_block_4_inline_8_0.01": 2.153717708075419,
  "csr_block_4_inline_8_0.1": 2.1502676339587197,
  "csr_block_4_inline_8_0.3": 2.301464623073116,
  "csr_block_4_inline_8_0.5": 2.3947085220133886,
  "csr_block_4_inline_8_1": 2.4199013409670442,
  "csr_block_8_inline_2_0.01": 2.1817700610263273,
  "csr_block_8_inline_2_0.1": 2.3564151769969612,
  "csr_block_8_inline_2_0.3": 2.5718401320045814,
  "csr_block_8_inline_2_0.5": 2.721916089998558,
  "csr_block_8_inline_2_1": 2.1848714109510183,
  "csr_block_8_inline_4_0.01": 2.1677128840237856,
  "csr_block_8_inline_4_0.1": 2.3161007231101394,
  "csr_block_8_inline_4_0.3": 2.5314697810681537,
  "csr_block_8_inline_4_0.5": 2.555577798979357,
  "csr_block_8_inline_4_1": 2.2832932909950614,
  "csr_block_8_inline_8_0.01": 2.1545097660273314,
  "csr_block_8_inline_8_0.1": 2.189199010026641,
  "csr_block_8_inline_8_0.3": 2.3001596910180524,
  "csr_block_8_inline_8_0.5": 2.4271604520035908,
  "csr_block_8_inline_8_1": 2.3683151199948043,
  "csr_block_16_inline_2_0.01": 2.171436856035143,
  "csr_block_16_inline_2_0.1": 2.3041032060282305,
  "csr_block_16_inline_2_0.3": 2.551773580024019,
  "csr_block_16_inline_2_0.5": 2.675212271977216,
  "csr_block_16_inline_2_1": 2.1577458769315854,
  "csr_block_16_inline_4_0.01": 2.170601088088006,
  "csr_block_16_inline_4_0.1": 2.304502293933183,
  "csr_block_16_inline_4_0.3": 2.509205069974996,
  "csr_block_16_inline_4_0.5": 2.537900220020674,
  "csr_block_16_inline_4_1": 2.1920882330741733,
  "csr_block_16_inline_8_0.01": 2.1529326719464734,
  "csr_block_16_inline_8_0.1": 2.1727590149967,
  "csr_block_16_inline_8_0.3": 2.2736148530384526,
  "csr_block_16_inline_8_0.5": 2.383781428914517,
  "csr_block_16_inline_8_1": 2.260565440985374,
  "csr_block_64_inline_2_0.01": 2.1580027919262648,
  "csr_block_64_inline_2_0.1": 2.2918119649402797,
  "csr_block_64_inline_2_0.3": 2.5398985019419342,
  "csr_block_64_inline_2_0.5": 2.6672771150479093,
  "csr_block_64_inline_2_1": 2.126054894994013,
  "csr_block_64_inline_4_0.01": 2.152374231023714,
  "csr_block_64_inline_4_0.1": 2.290083418949507,
  "csr_block_64_inline_4_0.3": 2.5009767720475793,
  "csr_block_64_inline_4_0.5": 2.522286353050731,
  "csr_block_64_inline_4_1": 2.1361166500719264,
  "csr_block_64_inline_8_0.01": 2.1367775979451835,
  "csr_block_64_inline_8_0.1": 2.1500268620438874,
  "csr_block_64_inline_8_0.3": 2.2521717170020565,
  "csr_block_64_inline_8_0.5": 2.3536148610292003,
  "csr_block_64_inline_8_1": 2.1886879770318046
}