{
  "mat3d_2_0.01": 3.5773257149849087,
  "mat3d_2_0.1": 3.5561746889725327,
  "mat3d_2_0.3": 3.70015967998188,
  "mat3d_2_0.5": 3.5355010150233284,
  "mat3d_2_1": 3.5208174620056525,
  "mat3d_4_0.01": 3.6982399669941515,
  "mat3d_4_0.1": 3.6070746700279415,
  "mat3d_4_0.3": 3.5782795681152493,
  "mat3d_4_0.5": 3.718418139964342,
  "mat3d_4_1": 3.5517643589992076,
  "mat3d_8_0.01": 3.547987416968681,
  "mat3d_8_0.1": 3.5320405330276117,
  "mat3d_8_0.3": 3.643350934027694,
  "mat3d_8_0.5": 3.6312523699598387,
  "mat3d_8_1": 3.6268392460187897,
  "linked_list_2_0.01": 5.270695298910141,
  "linked_list_2_0.1": 5.370883021038026,
  "linked_list_2_0.3": 5.604605071945116,
  "linked_list_2_0.5": 5.8093633849639446,
  "linked_list_2_1": 5.478841500007547,
  "linked_list_4_0.01": 5.2628061569994316,
  "linked_list_4_0.1": 5.4113407449331135,
  "linked_list_4_0.3": 5.6348780390108,
  "linked_list_4_0.5": 5.875886125024408,
  "linked_list_4_1": 5.614065584959462,
  "linked_list_8_0.01": 5.28854537603911,
  "linked_list_8_0.1": 5.475776763050817,
  "linked_list_8_0.3": 5.862102331011556,
  "linked_list_8_0.5": 6.280085094971582,
  "linked_list_8_1": 6.863705741940066,
  "dynamic_array_2_0.01": 17.293283450067975,
  "dynamic_array_2_0.1": 17.132878841948695,
  "dynamic_array_2_0.3": 17.076971890986897,
  "dynamic_array_2_0.5": 17.038138028932735,
  "dynamic_array_2_1": 17.750924102962017,
  "dynamic_array_4_0.01": 17.279029365978204,
  "dynamic_array_4_0.1": 17.001776913064532,
  "dynamic_array_4_0.3": 17.380068284925073,
  "dynamic_array_4_0.5": 17.061087007983588,
  "dynamic_array_4_1": 18.67872879502829,
  "dynamic_array_8_0.01": 17.205236753914505,
  "dynamic_array_8_0.1": 17.038327472982928,
  "dynamic_array_8_0.3": 16.83896632201504,
  "dynamic_array_8_0.5": 16.78412902506534,
  "dynamic_array_8_1": 17.563859076006338,
  "dynamic_array_exist_2_0.01": 17.17507757199928,
  "dynamic_array_exist_2_0.1": 17.135743951890618,
  "dynamic_array_exist_2_0.3": 17.077955789049156,
  "dynamic_array_exist_2_0.5": 17.02481423993595,
  "dynamic_array_exist_2_1": 17.762323126895353,
  "dynamic_array_exist_4_0.01": 17.192758276942186,
  "dynamic_array_exist_4_0.1": 17.134219910018146,
  "dynamic_array_exist_4_0.3": 17.003320257994346,
  "dynamic_array_exist_4_0.5": 18.996191294048913,
  "dynamic_array_exist_4_1": 17.600825825007632,
  "dynamic_array_exist_8_0.01": 17.211917560896836,
  "dynamic_array_exist_8_0.1": 17.159953966969624,
  "dynamic_array_exist_8_0.3": 17.060673186089844,
  "dynamic_array_exist_8_0.5": 17.692677396000363,
  "dynamic_array_exist_8_1": 20.647790402988903,
  "csr2_2_0.01": 23.20868750102818,
  "csr2_2_0.1": 23.547672964981757,
  "csr2_2_0.3": 23.21448214398697,
  "csr2_2_0.5": 23.21718143601902,
  "csr2_2_1": 23.21390148892533,
  "csr2_4_0.01": 23.206347580999136,
  "csr2_4_0.1": 23.21146443299949,
  "csr2_4_0.3": 23.55801687994972,
  "csr2_4_0.5": 23.26688692299649,
  "csr2_4_1": 23.217151643009856,
  "csr2_8_0.01": 23.203069692943245,
  "csr2_8_0.1": 23.21878363995347,
  "csr2_8_0.3": 23.327558549004607,
  "csr2_8_0.5": 23.25111316307448,
  "csr2_8_1": 23.261822403990664,
  "csr3_2_0.01": 6.028402767027728,
  "csr3_2_0.1": 6.178960380028002,
  "csr3_2_0.3": 6.462909655994736,
  "csr3_2_0.5": 6.64292889891658,
  "csr3_2_1": 6.234866671031341,
  "csr3_4_0.01": 6.029625394963659,
  "csr3_4_0.1": 6.1504286179551855,
  "csr3_4_0.3": 6.53724695101846,
  "csr3_4_0.5": 6.759754303959198,
  "csr3_4_1": 6.427150700008497,
  "csr3_8_0.01": 6.0431906550657,
  "csr3_8_0.1": 6.267884289030917,
  "csr3_8_0.3": 6.635282650939189,
  "csr3_8_0.5": 6.825491935014725,
  "csr3_8_1": 6.592735750018619
}