{
  "mat4d_2_0.01": 4.149176141945645,
  "mat4d_2_0.1": 4.148034834070131,
  "mat4d_2_0.3": 4.147779060062021,
  "mat4d_2_0.5": 4.1477344401646405,
  "mat4d_2_1": 4.454498403938487,
  "mat4d_4_0.01": 8.205717532895505,
  "mat4d_4_0.1": 8.202305636135861,
  "mat4d_4_0.3": 8.329482396133244,
  "mat4d_4_0.5": 8.205253954976797,
  "mat4d_4_1": 8.210320567013696,
  "mat4d_8_0.01": 16.69404158112593,
  "mat4d_8_0.1": 16.694229969056323,
  "mat4d_8_0.3": 16.715815688017756,
  "mat4d_8_0.5": 16.694377742009237,
  "mat4d_8_1": 16.79980731406249,
  "linked_list_2_0.01": 5.684802094008774,
  "linked_list_2_0.1": 7.714854090940207,
  "linked_list_2_0.3": 12.47383677889593,
  "linked_list_2_0.5": 12.826084326952696,
  "linked_list_2_1": 8.154794333968312,
  "linked_list_4_0.01": 12.024925897829235,
  "linked_list_4_0.1": 19.666378546040505,
  "linked_list_4_0.3": 28.915938148042187,
  "linked_list_4_0.5": 32.73430516500957,
  "linked_list_4_1": 20.675737457117066,
  "linked_list_8_0.01": 24.332165187923238,
  "linked_list_8_0.1": 46.04926150199026,
  "linked_list_8_0.3": 68.65457844687626,
  "linked_list_8_0.5": 81.4911783488933,
  "linked_list_8_1": 62.84785098908469,
  "csr_2_0.01": 5.014219943899661,
  "csr_2_0.1": 5.758395716082305,
  "csr_2_0.3": 7.50621176417917,
  "csr_2_0.5": 9.069676741957664,
  "csr_2_1": 6.248274618992582,
  "csr_4_0.01": 9.776899644872174,
  "csr_4_0.1": 11.545138051966205,
  "csr_4_0.3": 15.285145326983184,
  "csr_4_0.5": 18.27499274094589,
  "csr_4_1": 12.584011138882488,
  "csr_8_0.01": 19.948019274044782,
  "csr_8_0.1": 24.089640856022015,
  "csr_8_0.3": 30.199419853044674,
  "csr_8_0.5": 36.048650758108124,
  "csr_8_1": 25.08834550785832,
  "csr_block_8_2_0.01": 4.888266138033941,
  "csr_block_8_2_0.1": 5.655877846060321,
  "csr_block_8_2_0.3": 7.729431517189369,
  "csr_block_8_2_0.5": 10.046506877057254,
  "csr_block_8_2_1": 7.818977774120867,
  "csr_block_8_4_0.01": 9.764486036961898,
  "csr_block_8_4_0.1": 11.607986239949241,
  "csr_block_8_4_0.3": 16.250136972172186,
  "csr_block_8_4_0.5": 19.906869824044406,
  "csr_block_8_4_1": 15.632931934902444,
  "csr_block_8_8_0.01": 20.117815379984677,
  "csr_block_8_8_0.1": 23.10366011899896,
  "csr_block_8_8_0.3": 31.84154235618189,
  "csr_block_8_8_0.5": 39.2036529078614,
  "csr_block_8_8_1": 29.078619120875373,
  "csr_block_16_2_0.01": 4.88931012712419,
  "csr_block_16_2_0.1": 5.649334127083421,
  "csr_block_16_2_0.3": 7.653260922990739,
  "csr_block_16_2_0.5": 9.880666851066053,
  "csr_block_16_2_1": 8.001737203914672,
  "csr_block_16_4_0.01": 9.759784027934074,
  "csr_block_16_4_0.1": 11.682515444932505,
  "csr_block_16_4_0.3": 16.183041588868946,
  "csr_block_16_4_0.5": 19.933732982026413,
  "csr_block_16_4_1": 14.507470027077943,
  "csr_block_16_8_0.01": 19.80650867987424,
  "csr_block_16_8_0.1": 22.9651367389597,
  "csr_block_16_8_0.3": 31.154327156953514,
  "csr_block_16_8_0.5": 37.628268730826676,
  "csr_block_16_8_1": 26.492630386026576,
  "csr_block_32_2_0.01": 4.934837797889486,
  "csr_block_32_2_0.1": 5.632835548836738,
  "csr_block_32_2_0.3": 7.6505462129134685,
  "csr_block_32_2_0.5": 9.694658607011661,
  "csr_block_32_2_1": 6.627704034093767,
  "csr_block_32_4_0.01": 9.7577935019508,
  "csr_block_32_4_0.1": 11.514979468891397,
  "csr_block_32_4_0.3": 15.321538678137586,
  "csr_block_32_4_0.5": 18.474319068016484,
  "csr_block_32_4_1": 12.943684857804328,
  "csr_block_32_8_0.01": 20.18671451602131,
  "csr_block_32_8_0.1": 22.88218592503108,
  "csr_block_32_8_0.3": 30.286424153950065,
  "csr_block_32_8_0.5": 37.25834116199985,
  "csr_block_32_8_1": 26.048469733912498,
  "csr_block_64_2_0.01": 4.883161399047822,
  "csr_block_64_2_0.1": 5.619385198922828,
  "csr_block_64_2_0.3": 7.525654557161033,
  "csr_block_64_2_0.5": 9.160001605050638,
  "csr_block_64_2_1": 6.416156715014949,
  "csr_block_64_4_0.01": 9.752430355874822,
  "csr_block_64_4_0.1": 11.813848571153358,
  "csr_block_64_4_0.3": 15.29021200304851,
  "csr_block_64_4_0.5": 18.668048528023064,
  "csr_block_64_4_1": 12.751617786940187,
  "csr_block_64_8_0.01": 19.79604498296976,
  "csr_block_64_8_0.1": 22.87882996094413,
  "csr_block_64_8_0.3": 30.222227917052805,
  "csr_block_64_8_0.5": 36.662271809065714,
  "csr_block_64_8_1": 25.69280790607445
}