{
  "backus_2_0.01": 0.03000636212527752,
  "backus_2_0.1": 0.029073563404381275,
  "backus_2_0.3": 0.030881034210324287,
  "backus_2_0.5": 0.032325771637260914,
  "backus_2_0.8": 0.03501973766833544,
  "backus_2_1": 0.03645354975014925,
  "backus_4_0.01": 0.05773771647363901,
  "backus_4_0.1": 0.0581072298809886,
  "backus_4_0.3": 0.061412835493683815,
  "backus_4_0.5": 0.06600201688706875,
  "backus_4_0.8": 0.0720350369811058,
  "backus_4_1": 0.07788688968867064,
  "backus_8_0.01": 0.11009520385414362,
  "backus_8_0.1": 0.12118762452155352,
  "backus_8_0.3": 0.13286065123975277,
  "backus_8_0.5": 0.14686671365052462,
  "backus_8_0.8": 0.17572620417922735,
  "backus_8_1": 0.19535735063254833,
  "mat4d_2_0.01": 0.41457273717969656,
  "mat4d_2_0.1": 0.41776584554463625,
  "mat4d_2_0.3": 0.4174308991059661,
  "mat4d_2_0.5": 0.419580215588212,
  "mat4d_2_0.8": 0.42762005515396595,
  "mat4d_2_1": 0.4180480754002929,
  "mat4d_4_0.01": 0.8868320118635893,
  "mat4d_4_0.1": 0.8587052002549171,
  "mat4d_4_0.3": 0.9917830554768443,
  "mat4d_4_0.5": 0.849395141005516,
  "mat4d_4_0.8": 0.8319509327411652,
  "mat4d_4_1": 0.8548104930669069,
  "mat4d_8_0.01": 1.7418469404801726,
  "mat4d_8_0.1": 1.8235060200095177,
  "mat4d_8_0.3": 1.7145988121628761,
  "mat4d_8_0.5": 1.741832417435944,
  "mat4d_8_0.8": 1.7288046656176448,
  "mat4d_8_1": 1.7318509798496962,
  "leeor4d_2_0.01": 0.5300533166155219,
  "leeor4d_2_0.1": 0.5168322138488293,
  "leeor4d_2_0.3": 0.6029949290677905,
  "leeor4d_2_0.5": 0.5650138538330793,
  "leeor4d_2_0.8": 0.6071346793323755,
  "leeor4d_2_1": 0.636005911976099,
  "leeor4d_4_0.01": 1.0748035069555044,
  "leeor4d_4_0.1": 1.0065495111048222,
  "leeor4d_4_0.3": 1.1223469460383058,
  "leeor4d_4_0.5": 1.035484422929585,
  "leeor4d_4_0.8": 1.0809487653896213,
  "leeor4d_4_1": 1.2271321155130863,
  "leeor4d_8_0.01": 1.816705133765936,
  "leeor4d_8_0.1": 2.0526047851890326,
  "leeor4d_8_0.3": 1.9681601887568831,
  "leeor4d_8_0.5": 1.9884009957313538,
  "leeor4d_8_0.8": 2.1036563646048307,
  "leeor4d_8_1": 2.5553383892402053,
  "csr_2_0.01": 0.49304783158004284,
  "csr_2_0.1": 0.4944854835048318,
  "csr_2_0.3": 0.50984494574368,
  "csr_2_0.5": 0.5265612257644534,
  "csr_2_0.8": 0.5515693807974458,
  "csr_2_1": 0.574840422719717,
  "csr_4_0.01": 0.9691602261736989,
  "csr_4_0.1": 0.996411488391459,
  "csr_4_0.3": 1.024812071584165,
  "csr_4_0.5": 1.054344043135643,
  "csr_4_0.8": 1.1125291576609015,
  "csr_4_1": 1.1725057195872068,
  "csr_8_0.01": 2.0860382029786706,
  "csr_8_0.1": 2.1015154914930463,
  "csr_8_0.3": 2.1654524030163884,
  "csr_8_0.5": 2.3522992497310042,
  "csr_8_0.8": 2.3319388162344694,
  "csr_8_1": 2.5536815002560616
}