{
  "backus_2_0.01": 0.029439064674079418,
  "backus_2_0.1": 0.03032886330038309,
  "backus_2_0.3": 0.036898085847496986,
  "backus_2_0.5": 0.03239176329225302,
  "backus_2_0.8": 0.050381376408040524,
  "backus_2_1": 0.03715646453201771,
  "backus_4_0.01": 0.05567779112607241,
  "backus_4_0.1": 0.05946638248860836,
  "backus_4_0.3": 0.06166087742894888,
  "backus_4_0.5": 0.06631063483655453,
  "backus_4_0.8": 0.07365625537931919,
  "backus_4_1": 0.37596316542476416,
  "backus_8_0.01": 0.12167781684547663,
  "backus_8_0.1": 0.12144568935036659,
  "backus_8_0.3": 0.19097487069666386,
  "backus_8_0.5": 0.15143787395209074,
  "backus_8_0.8": 0.1782368803396821,
  "backus_8_1": 0.18545781075954437,
  "mat4d_2_0.01": 0.4421317130327225,
  "mat4d_2_0.1": 0.47036088071763515,
  "mat4d_2_0.3": 0.4916608212515712,
  "mat4d_2_0.5": 0.528965288773179,
  "mat4d_2_0.8": 0.5776426084339619,
  "mat4d_2_1": 0.6126984134316444,
  "mat4d_4_0.01": 1.026280239224434,
  "mat4d_4_0.1": 1.1806536186486483,
  "mat4d_4_0.3": 1.082759984768927,
  "mat4d_4_0.5": 1.1288449745625257,
  "mat4d_4_0.8": 1.1661934899166226,
  "mat4d_4_1": 1.2410853542387486,
  "mat4d_8_0.01": 2.1023152405396104,
  "mat4d_8_0.1": 2.137990635819733,
  "mat4d_8_0.3": 2.2025468070060015,
  "mat4d_8_0.5": 2.2958921249955893,
  "mat4d_8_0.8": 2.3929880782961845,
  "mat4d_8_1": 2.5724617708474398,
  "leeor4d_2_0.01": 1.0584911005571485,
  "leeor4d_2_0.1": 0.5534615898504853,
  "leeor4d_2_0.3": 0.6163901211693883,
  "leeor4d_2_0.5": 0.6777047347277403,
  "leeor4d_2_0.8": 0.7579517681151628,
  "leeor4d_2_1": 0.8221993008628488,
  "leeor4d_4_0.01": 1.0365485455840826,
  "leeor4d_4_0.1": 1.1094723278656602,
  "leeor4d_4_0.3": 1.1210187710821629,
  "leeor4d_4_0.5": 1.2584620360285044,
  "leeor4d_4_0.8": 1.383126406930387,
  "leeor4d_4_1": 1.5128718120977283,
  "leeor4d_8_0.01": 1.962943953461945,
  "leeor4d_8_0.1": 2.065813879482448,
  "leeor4d_8_0.3": 2.2493541352450848,
  "leeor4d_8_0.5": 2.3975816452875733,
  "leeor4d_8_0.8": 2.822778764180839,
  "leeor4d_8_1": 9.635458261705935,
  "csr_2_0.01": 0.6832352504134178,
  "csr_2_0.1": 0.6947857849299908,
  "csr_2_0.3": 0.8039628509432077,
  "csr_2_0.5": 0.9655144065618515,
  "csr_2_0.8": 1.3390770805999637,
  "csr_2_1": 0.9858166538178921,
  "csr_4_0.01": 1.1238486552610993,
  "csr_4_0.1": 1.2576480824500322,
  "csr_4_0.3": 1.6817201636731625,
  "csr_4_0.5": 1.4972500940784812,
  "csr_4_0.8": 1.6964588854461908,
  "csr_4_1": 1.791796955280006,
  "csr_8_0.01": 2.4540558513253927,
  "csr_8_0.1": 2.5505961133167148,
  "csr_8_0.3": 2.853305907920003,
  "csr_8_0.5": 3.2022849852219224,
  "csr_8_0.8": 4.436878378503025,
  "csr_8_1": 4.340547270141542
}