{
  "backus_2_0.01": 0.041854603216052055,
  "backus_2_0.1": 0.07259426359087229,
  "backus_2_0.3": 0.047605556435883045,
  "backus_2_0.5": 0.05289891082793474,
  "backus_2_0.8": 0.04966316092759371,
  "backus_2_1": 0.05578531790524721,
  "backus_4_0.01": 0.08214105479419231,
  "backus_4_0.1": 0.08188709896057844,
  "backus_4_0.3": 0.09247874468564987,
  "backus_4_0.5": 0.12648077215999365,
  "backus_4_0.8": 0.10526576358824968,
  "backus_4_1": 0.11757308896631002,
  "backus_8_0.01": 0.2526486199349165,
  "backus_8_0.1": 0.6211177092045546,
  "backus_8_0.3": 0.20046622306108475,
  "backus_8_0.5": 0.16254196036607027,
  "backus_8_0.8": 0.18988035526126623,
  "backus_8_1": 0.2203378975391388,
  "leeor4d_2_0.01": 0.2409081095829606,
  "leeor4d_2_0.1": 0.2530778832733631,
  "leeor4d_2_0.3": 0.27377412281930447,
  "leeor4d_2_0.5": 0.27490596286952496,
  "leeor4d_2_0.8": 0.3724709115922451,
  "leeor4d_2_1": 0.42428064811974764,
  "leeor4d_4_0.01": 0.39806451089680195,
  "leeor4d_4_0.1": 0.4091102844104171,
  "leeor4d_4_0.3": 1.1328259268775582,
  "leeor4d_4_0.5": 0.561532387509942,
  "leeor4d_4_0.8": 0.6112565146759152,
  "leeor4d_4_1": 0.6392695009708405,
  "leeor4d_8_0.01": 0.6369368163868785,
  "leeor4d_8_0.1": 0.6611616220325232,
  "leeor4d_8_0.3": 0.6994716199114919,
  "leeor4d_8_0.5": 0.7533787321299314,
  "leeor4d_8_0.8": 0.9906620159745216,
  "leeor4d_8_1": 0.8578088516369462,
  "csr_2_0.01": 0.15367359016090631,
  "csr_2_0.1": 0.2291740868240595,
  "csr_2_0.3": 0.13295474648475647,
  "csr_2_0.5": 0.17457210272550583,
  "csr_2_0.8": 0.19044680520892143,
  "csr_2_1": 0.3958513233810663,
  "csr_4_0.01": 0.16894057020545006,
  "csr_4_0.1": 0.1742428047582507,
  "csr_4_0.3": 0.2050941726192832,
  "csr_4_0.5": 0.22064900863915682,
  "csr_4_0.8": 0.25698680989444256,
  "csr_4_1": 0.29628537967801094,
  "csr_8_0.01": 0.27727951295673847,
  "csr_8_0.1": 0.3177673853933811,
  "csr_8_0.3": 0.35601497907191515,
  "csr_8_0.5": 0.41483236756175756,
  "csr_8_0.8": 0.5023125316947699,
  "csr_8_1": 0.5428470829501748
}