{
  "mat3d_2_0.01": 0.24907457098015584,
  "mat3d_2_0.1": 0.2497600450005848,
  "mat3d_2_0.3": 0.24877169702085666,
  "mat3d_2_0.5": 0.24921716799144633,
  "mat3d_2_1": 0.25042071999632753,
  "mat3d_4_0.01": 0.24970926900277846,
  "mat3d_4_0.1": 0.2499849179876037,
  "mat3d_4_0.3": 0.24903456898755394,
  "mat3d_4_0.5": 0.24973755999235436,
  "mat3d_4_1": 0.2500493639963679,
  "mat3d_8_0.01": 0.24980057799257338,
  "mat3d_8_0.1": 0.24967173501499929,
  "mat3d_8_0.3": 0.24972892701043747,
  "mat3d_8_0.5": 0.2488716009829659,
  "mat3d_8_1": 0.2509037500130944,
  "linked_list_2_0.01": 0.6189808899944182,
  "linked_list_2_0.1": 0.6190203010046389,
  "linked_list_2_0.3": 0.6190448850102257,
  "linked_list_2_0.5": 0.6183216530189384,
  "linked_list_2_1": 0.7049804920097813,
  "linked_list_4_0.01": 0.6198225340049248,
  "linked_list_4_0.1": 0.6213820889825001,
  "linked_list_4_0.3": 0.6205777210125234,
  "linked_list_4_0.5": 0.6192244089907035,
  "linked_list_4_1": 0.6187277270073537,
  "linked_list_8_0.01": 0.6204184050147887,
  "linked_list_8_0.1": 0.6188489830237813,
  "linked_list_8_0.3": 0.6199199639959261,
  "linked_list_8_0.5": 0.6188642999914009,
  "linked_list_8_1": 0.699308433016995,
  "csr_2_0.01": 1.146413273003418,
  "csr_2_0.1": 1.20394708000822,
  "csr_2_0.3": 1.3467563019949012,
  "csr_2_0.5": 1.3988210440147668,
  "csr_2_1": 1.4203448980115354,
  "csr_4_0.01": 1.14396734899492,
  "csr_4_0.1": 1.2566281080071349,
  "csr_4_0.3": 1.4172704420052469,
  "csr_4_0.5": 1.6340578320086934,
  "csr_4_1": 1.5608355680014938,
  "csr_8_0.01": 1.155959885014454,
  "csr_8_0.1": 1.2811521950061433,
  "csr_8_0.3": 1.566990667983191,
  "csr_8_0.5": 1.7018182300089393,
  "csr_8_1": 1.9893121260101907,
  "csr_block_8_2_0.01": 1.5415472029999364,
  "csr_block_8_2_0.1": 1.5579585910018068,
  "csr_block_8_2_0.3": 1.6348607410036493,
  "csr_block_8_2_0.5": 1.6642504119954538,
  "csr_block_8_2_1": 1.8130226859939285,
  "csr_block_8_4_0.01": 1.5417458669980988,
  "csr_block_8_4_0.1": 1.6110569820157252,
  "csr_block_8_4_0.3": 1.675180010002805,
  "csr_block_8_4_0.5": 1.809316700004274,
  "csr_block_8_4_1": 1.9295767169969622,
  "csr_block_8_8_0.01": 1.5460564729874022,
  "csr_block_8_8_0.1": 1.6363945500052068,
  "csr_block_8_8_0.3": 1.8161593019904103,
  "csr_block_8_8_0.5": 1.9256555850151926,
  "csr_block_8_8_1": 2.305634888994973,
  "csr_block_16_2_0.01": 1.541980437003076,
  "csr_block_16_2_0.1": 1.5512427979847416,
  "csr_block_16_2_0.3": 1.615951554995263,
  "csr_block_16_2_0.5": 1.6401165470015258,
  "csr_block_16_2_1": 1.7870315769978333,
  "csr_block_16_4_0.01": 1.5415379259793554,
  "csr_block_16_4_0.1": 1.6047238089959137,
  "csr_block_16_4_0.3": 1.6554334669781383,
  "csr_block_16_4_0.5": 1.7869666000187863,
  "csr_block_16_4_1": 1.8986635580076836,
  "csr_block_16_8_0.01": 1.549705281999195,
  "csr_block_16_8_0.1": 1.6296297519875225,
  "csr_block_16_8_0.3": 1.7997688320174348,
  "csr_block_16_8_0.5": 1.9033779659948777,
  "csr_block_16_8_1": 2.279768955981126,
  "csr_block_32_2_0.01": 1.547194162994856,
  "csr_block_32_2_0.1": 1.5600651809945703,
  "csr_block_32_2_0.3": 1.6220677280216478,
  "csr_block_32_2_0.5": 1.6458929509972222,
  "csr_block_32_2_1": 1.7932040349987801,
  "csr_block_32_4_0.01": 1.5456285940017551,
  "csr_block_32_4_0.1": 1.6106014039833099,
  "csr_block_32_4_0.3": 1.6616892040183302,
  "csr_block_32_4_0.5": 1.7938144550134894,
  "csr_block_32_4_1": 1.902902665984584,
  "csr_block_32_8_0.01": 1.5527335820079315,
  "csr_block_32_8_0.1": 1.636233244993491,
  "csr_block_32_8_0.3": 1.8059284139890224,
  "csr_block_32_8_0.5": 1.9088923319941387,
  "csr_block_32_8_1": 2.2872801699850243,
  "csr_block_64_2_0.01": 1.5438512050022837,
  "csr_block_64_2_0.1": 1.5553193500090856,
  "csr_block_64_2_0.3": 1.6215885209967382,
  "csr_block_64_2_0.5": 1.6433064859884325,
  "csr_block_64_2_1": 1.789366438984871,
  "csr_block_64_4_0.01": 1.542981865000911,
  "csr_block_64_4_0.1": 1.6094917510054074,
  "csr_block_64_4_0.3": 1.656344162998721,
  "csr_block_64_4_0.5": 1.7868204900005367,
  "csr_block_64_4_1": 1.906462234997889,
  "csr_block_64_8_0.01": 1.5530114709981717,
  "csr_block_64_8_0.1": 1.6228452190116514,
  "csr_block_64_8_0.3": 1.800573529995745,
  "csr_block_64_8_0.5": 1.9013464739837218,
  "csr_block_64_8_1": 2.2787592000095174
}