{
  "mat4d_2_0.01": 0.004313909914344549,
  "mat4d_2_0.1": 0.021426965948194265,
  "mat4d_2_0.3": 0.03407660103403032,
  "mat4d_2_0.5": 0.04547925596125424,
  "mat4d_2_1": 0.07317788293585181,
  "mat4d_4_0.01": 0.0034137279726564884,
  "mat4d_4_0.1": 0.020362345036119223,
  "mat4d_4_0.3": 0.03240873198956251,
  "mat4d_4_0.5": 0.04607039992697537,
  "mat4d_4_1": 0.07253482309170067,
  "mat4d_8_0.01": 0.0034069460816681385,
  "mat4d_8_0.1": 0.02035119803622365,
  "mat4d_8_0.3": 0.03277594712562859,
  "mat4d_8_0.5": 0.04403888015076518,
  "mat4d_8_1": 0.07293050503358245,
  "linked_list_2_0.01": 0.03547172783873975,
  "linked_list_2_0.1": 0.188497498864308,
  "linked_list_2_0.3": 0.37148698000237346,
  "linked_list_2_0.5": 0.5106344379018992,
  "linked_list_2_1": 0.3699772101826966,
  "linked_list_4_0.01": 0.035284597892314196,
  "linked_list_4_0.1": 0.14521679398603737,
  "linked_list_4_0.3": 0.38037642207928,
  "linked_list_4_0.5": 0.5505652220454067,
  "linked_list_4_1": 0.41593068395741284,
  "linked_list_8_0.01": 0.029438857920467854,
  "linked_list_8_0.1": 0.1438344439957291,
  "linked_list_8_0.3": 0.3898851650301367,
  "linked_list_8_0.5": 0.5939813130535185,
  "linked_list_8_1": 0.4628856380004436,
  "csr_2_0.01": 0.21009701490402222,
  "csr_2_0.1": 0.328285395167768,
  "csr_2_0.3": 0.5181429069489241,
  "csr_2_0.5": 0.5255599280353636,
  "csr_2_1": 0.36399589315988123,
  "csr_4_0.01": 0.2821377720683813,
  "csr_4_0.1": 0.41151744802482426,
  "csr_4_0.3": 0.5728768019471318,
  "csr_4_0.5": 0.6010648049414158,
  "csr_4_1": 0.4358043179381639,
  "csr_8_0.01": 0.46422726614400744,
  "csr_8_0.1": 0.6136586009524763,
  "csr_8_0.3": 0.7592395870015025,
  "csr_8_0.5": 0.7806124440394342,
  "csr_8_1": 0.6116918199695647
}