{
  "mat3d_2_0.01": 0.25068516202736646,
  "mat3d_2_0.1": 0.250991434964817,
  "mat3d_2_0.3": 0.2497044859919697,
  "mat3d_2_0.5": 0.2499274549772963,
  "mat3d_2_1": 0.25085793499602005,
  "mat3d_4_0.01": 0.25086895003914833,
  "mat3d_4_0.1": 0.24947637197328731,
  "mat3d_4_0.3": 0.2506774819921702,
  "mat3d_4_0.5": 0.25078364298678935,
  "mat3d_4_1": 0.2521544859628193,
  "mat3d_8_0.01": 0.25125715998001397,
  "mat3d_8_0.1": 0.2507222180138342,
  "mat3d_8_0.3": 0.2502176539856009,
  "mat3d_8_0.5": 0.24965536000672728,
  "mat3d_8_1": 0.25046539498725906,
  "linked_list_2_0.01": 0.6207293040351942,
  "linked_list_2_0.1": 0.6193257120321505,
  "linked_list_2_0.3": 0.619907348009292,
  "linked_list_2_0.5": 0.6201975729782134,
  "linked_list_2_1": 0.6187059929943644,
  "linked_list_4_0.01": 0.618917548970785,
  "linked_list_4_0.1": 0.6189449130324647,
  "linked_list_4_0.3": 0.6196130929747596,
  "linked_list_4_0.5": 0.618787624000106,
  "linked_list_4_1": 0.6186609030119143,
  "linked_list_8_0.01": 0.6191893480136059,
  "linked_list_8_0.1": 0.6192720249528065,
  "linked_list_8_0.3": 0.6197261899942532,
  "linked_list_8_0.5": 0.6190982960397378,
  "linked_list_8_1": 0.619441304996144,
  "csr_2_0.01": 1.144899072998669,
  "csr_2_0.1": 1.203632298973389,
  "csr_2_0.3": 1.3473690479877405,
  "csr_2_0.5": 1.3987202430143952,
  "csr_2_1": 1.4106770109501667,
  "csr_4_0.01": 1.1438241670257412,
  "csr_4_0.1": 1.2573587159859017,
  "csr_4_0.3": 1.416527916037012,
  "csr_4_0.5": 1.6285609350306913,
  "csr_4_1": 1.5597804870340042,
  "csr_8_0.01": 1.1531842580297962,
  "csr_8_0.1": 1.2793841290404089,
  "csr_8_0.3": 1.5648694440023974,
  "csr_8_0.5": 1.7064135269611143,
  "csr_8_1": 1.9988259029923938
}