{
  "mat4d_2_0.01": 0.019867533817887306,
  "mat4d_2_0.1": 0.07650272990576923,
  "mat4d_2_0.3": 0.18981167115271091,
  "mat4d_2_0.5": 0.30572254210710526,
  "mat4d_2_1": 0.6055943081155419,
  "mat4d_4_0.01": 0.0425226881634444,
  "mat4d_4_0.1": 0.15233619906939566,
  "mat4d_4_0.3": 0.3747094729915261,
  "mat4d_4_0.5": 0.611557390075177,
  "mat4d_4_1": 1.2169321009423584,
  "mat4d_8_0.01": 0.08686574408784509,
  "mat4d_8_0.1": 0.30395440105348825,
  "mat4d_8_0.3": 0.7521336590871215,
  "mat4d_8_0.5": 1.2244071729946882,
  "mat4d_8_1": 2.415022199973464,
  "linked_list_2_0.01": 0.1213335928041488,
  "linked_list_2_0.1": 0.6486954030115157,
  "linked_list_2_0.3": 1.3979352270253003,
  "linked_list_2_0.5": 2.0295673140790313,
  "linked_list_2_1": 1.807297260966152,
  "linked_list_4_0.01": 0.239021334098652,
  "linked_list_4_0.1": 1.105643416987732,
  "linked_list_4_0.3": 3.0102889148984104,
  "linked_list_4_0.5": 4.61148507706821,
  "linked_list_4_1": 4.305592522956431,
  "linked_list_8_0.01": 0.394309394992888,
  "linked_list_8_0.1": 2.2803081199526787,
  "linked_list_8_0.3": 6.609168584924191,
  "linked_list_8_0.5": 10.482312659034505,
  "linked_list_8_1": 11.72413253504783,
  "csr_2_0.01": 1.1290895089041442,
  "csr_2_0.1": 1.7332654921337962,
  "csr_2_0.3": 3.133356893900782,
  "csr_2_0.5": 3.5381968021392822,
  "csr_2_1": 3.109926971141249,
  "csr_4_0.01": 2.152011064812541,
  "csr_4_0.1": 3.438228264916688,
  "csr_4_0.3": 6.088265381054953,
  "csr_4_0.5": 7.047855726908892,
  "csr_4_1": 6.077745324000716,
  "csr_8_0.01": 4.3579849258530885,
  "csr_8_0.1": 7.426007424946874,
  "csr_8_0.3": 14.29682144196704,
  "csr_8_0.5": 14.809348457027227,
  "csr_8_1": 12.132811779156327,
  "csr_block_8_2_0.01": 1.2415860770270228,
  "csr_block_8_2_0.1": 1.9183315590489656,
  "csr_block_8_2_0.3": 3.3486516990233213,
  "csr_block_8_2_0.5": 3.9066187960561365,
  "csr_block_8_2_1": 3.2169809117913246,
  "csr_block_8_4_0.01": 2.38122549909167,
  "csr_block_8_4_0.1": 3.6569098769687116,
  "csr_block_8_4_0.3": 6.554303535958752,
  "csr_block_8_4_0.5": 7.6944978181272745,
  "csr_block_8_4_1": 6.344854541821405,
  "csr_block_8_8_0.01": 4.796343646943569,
  "csr_block_8_8_0.1": 8.052296517184004,
  "csr_block_8_8_0.3": 13.967371372040361,
  "csr_block_8_8_0.5": 15.842003331985325,
  "csr_block_8_8_1": 12.747785200132057,
  "csr_block_16_2_0.01": 1.189475298160687,
  "csr_block_16_2_0.1": 1.84651819197461,
  "csr_block_16_2_0.3": 3.324445446021855,
  "csr_block_16_2_0.5": 3.695281114196405,
  "csr_block_16_2_1": 3.220093477051705,
  "csr_block_16_4_0.01": 2.3279420379549265,
  "csr_block_16_4_0.1": 3.6727844648994505,
  "csr_block_16_4_0.3": 6.630306496983394,
  "csr_block_16_4_0.5": 7.547842212021351,
  "csr_block_16_4_1": 6.368560686940327,
  "csr_block_16_8_0.01": 4.607720542931929,
  "csr_block_16_8_0.1": 8.157445577904582,
  "csr_block_16_8_0.3": 14.067544085904956,
  "csr_block_16_8_0.5": 15.468313171993941,
  "csr_block_16_8_1": 12.499743063002825,
  "csr_block_32_2_0.01": 1.3068128540180624,
  "csr_block_32_2_0.1": 1.8897085329517722,
  "csr_block_32_2_0.3": 3.4500682139769197,
  "csr_block_32_2_0.5": 3.7923958508763462,
  "csr_block_32_2_1": 3.2764921819325536,
  "csr_block_32_4_0.01": 2.4042757127899677,
  "csr_block_32_4_0.1": 3.8335745469667017,
  "csr_block_32_4_0.3": 6.665418630000204,
  "csr_block_32_4_0.5": 7.451367586152628,
  "csr_block_32_4_1": 6.382149989949539,
  "csr_block_32_8_0.01": 4.3846188520547,
  "csr_block_32_8_0.1": 7.741634818026796,
  "csr_block_32_8_0.3": 12.999778299126774,
  "csr_block_32_8_0.5": 15.278898616787046,
  "csr_block_32_8_1": 12.6264954500366,
  "csr_block_64_2_0.01": 1.1931908989790827,
  "csr_block_64_2_0.1": 1.8401057210285217,
  "csr_block_64_2_0.3": 3.2865660570096225,
  "csr_block_64_2_0.5": 3.67999925208278,
  "csr_block_64_2_1": 3.2650268559809774,
  "csr_block_64_4_0.01": 2.2542122891172767,
  "csr_block_64_4_0.1": 3.59103543497622,
  "csr_block_64_4_0.3": 6.3108405789826065,
  "csr_block_64_4_0.5": 7.357699173036963,
  "csr_block_64_4_1": 6.334237042814493,
  "csr_block_64_8_0.01": 4.357491186121479,
  "csr_block_64_8_0.1": 7.602774262893945,
  "csr_block_64_8_0.3": 12.930290126940235,
  "csr_block_64_8_0.5": 15.009006045991555,
  "csr_block_64_8_1": 12.480377800995484
}